{
    "type": "bundle",
    "id": "bundle--71d5129d-d10f-446a-a1d1-587ec4fdef37",
    "spec_version": "2.0",
    "objects": [
        {
            "modified": "2023-07-28T14:40:54.580Z",
            "name": "System Network Configuration Discovery",
            "description": "Adversaries may look for details about the network configuration and settings, such as IP and/or MAC addresses, of systems they access or through information discovery of remote systems. Several operating system administration utilities exist that can be used to gather this information. Examples include [Arp](https://attack.mitre.org/software/S0099), [ipconfig](https://attack.mitre.org/software/S0100)/[ifconfig](https://attack.mitre.org/software/S0101), [nbtstat](https://attack.mitre.org/software/S0102), and [route](https://attack.mitre.org/software/S0103).\n\nAdversaries may also leverage a [Network Device CLI](https://attack.mitre.org/techniques/T1059/008) on network devices to gather information about configurations and settings, such as IP addresses of configured interfaces and static/dynamic routes (e.g. <code>show ip route</code>, <code>show ip interface</code>).(Citation: US-CERT-TA18-106A)(Citation: Mandiant APT41 Global Intrusion )\n\nAdversaries may use the information from [System Network Configuration Discovery](https://attack.mitre.org/techniques/T1016) during automated discovery to shape follow-on behaviors, including determining certain access within the target network and what actions to do next. ",
            "kill_chain_phases": [
                {
                    "kill_chain_name": "mitre-attack",
                    "phase_name": "discovery"
                }
            ],
            "x_mitre_contributors": [
                "Austin Clark, @c2defense"
            ],
            "x_mitre_deprecated": false,
            "x_mitre_detection": "System and network discovery techniques normally occur throughout an operation as an adversary learns the environment. Data and events should not be viewed in isolation, but as part of a chain of behavior that could lead to other activities, such as Lateral Movement, based on the information obtained.\n\nMonitor processes and command-line arguments for actions that could be taken to gather system and network information. Remote access tools with built-in features may interact directly with the Windows API to gather information. Further, {{LinkById|T1059.008} commands may also be used to gather system and network information with built-in features native to the network device platform.  Monitor CLI activity for unexpected or unauthorized use  commands being run by non-standard users from non-standard locations.  Information may also be acquired through Windows system management tools such as [Windows Management Instrumentation](https://attack.mitre.org/techniques/T1047) and [PowerShell](https://attack.mitre.org/techniques/T1059/001).",
            "x_mitre_domains": [
                "enterprise-attack"
            ],
            "x_mitre_is_subtechnique": false,
            "x_mitre_platforms": [
                "Linux",
                "macOS",
                "Windows",
                "Network"
            ],
            "x_mitre_version": "1.6",
            "x_mitre_data_sources": [
                "Command: Command Execution",
                "Script: Script Execution",
                "Process: Process Creation",
                "Process: OS API Execution"
            ],
            "type": "attack-pattern",
            "id": "attack-pattern--707399d6-ab3e-4963-9315-d9d3818cd6a0",
            "created": "2017-05-31T21:30:27.342Z",
            "created_by_ref": "identity--c78cb6e5-0c4b-4611-8297-d1b8b55e40b5",
            "revoked": false,
            "external_references": [
                {
                    "source_name": "mitre-attack",
                    "url": "https://attack.mitre.org/techniques/T1016",
                    "external_id": "T1016"
                },
                {
                    "source_name": "Mandiant APT41 Global Intrusion ",
                    "description": "Gyler, C.,Perez D.,Jones, S.,Miller, S.. (2021, February 25). This is Not a Test: APT41 Initiates Global Intrusion Campaign Using Multiple Exploits. Retrieved February 17, 2022.",
                    "url": "https://www.mandiant.com/resources/apt41-initiates-global-intrusion-campaign-using-multiple-exploits"
                },
                {
                    "source_name": "US-CERT-TA18-106A",
                    "description": "US-CERT. (2018, April 20). Alert (TA18-106A) Russian State-Sponsored Cyber Actors Targeting Network Infrastructure Devices. Retrieved October 19, 2020.",
                    "url": "https://www.us-cert.gov/ncas/alerts/TA18-106A"
                }
            ],
            "object_marking_refs": [
                "marking-definition--fa42a846-8d90-4e51-bc29-71d5b4802168"
            ],
            "x_mitre_attack_spec_version": "3.1.0",
            "x_mitre_modified_by_ref": "identity--c78cb6e5-0c4b-4611-8297-d1b8b55e40b5"
        }
    ]
}