{
    "type": "bundle",
    "id": "bundle--8668ab37-3bc2-47cd-911a-de8a3a88776c",
    "spec_version": "2.0",
    "objects": [
        {
            "modified": "2024-10-15T15:41:49.168Z",
            "name": "Application Exhaustion Flood",
            "description": "Adversaries may target resource intensive features of applications to cause a denial of service (DoS), denying availability to those applications. For example, specific features in web applications may be highly resource intensive. Repeated requests to those features may be able to exhaust system resources and deny access to the application or the server itself.(Citation: Arbor AnnualDoSreport Jan 2018)",
            "kill_chain_phases": [
                {
                    "kill_chain_name": "mitre-attack",
                    "phase_name": "impact"
                }
            ],
            "x_mitre_deprecated": false,
            "x_mitre_detection": "Detection of Endpoint DoS can sometimes be achieved before the effect is sufficient to cause significant impact to the availability of the service, but such response time typically requires very aggressive monitoring and responsiveness. Typical network throughput monitoring tools such as netflow, SNMP, and custom scripts can be used to detect sudden increases in circuit utilization.(Citation: Cisco DoSdetectNetflow) Real-time, automated, and qualitative study of the network traffic can identify a sudden surge in one type of protocol can be used to detect an attack as it starts.\n\nIn addition to network level detections, endpoint logging and instrumentation can be useful for detection. Attacks targeting web applications may generate logs in the web server, application server, and/or database server that can be used to identify the type of attack, possibly before the impact is felt.",
            "x_mitre_domains": [
                "enterprise-attack"
            ],
            "x_mitre_is_subtechnique": true,
            "x_mitre_platforms": [
                "Windows",
                "IaaS",
                "Linux",
                "macOS"
            ],
            "x_mitre_version": "1.3",
            "x_mitre_data_sources": [
                "Network Traffic: Network Traffic Flow",
                "Network Traffic: Network Traffic Content",
                "Sensor Health: Host Status",
                "Application Log: Application Log Content"
            ],
            "x_mitre_impact_type": [
                "Availability"
            ],
            "type": "attack-pattern",
            "id": "attack-pattern--18cffc21-3260-437e-80e4-4ab8bf2ba5e9",
            "created": "2020-02-20T15:35:00.025Z",
            "created_by_ref": "identity--c78cb6e5-0c4b-4611-8297-d1b8b55e40b5",
            "revoked": false,
            "external_references": [
                {
                    "source_name": "mitre-attack",
                    "url": "https://attack.mitre.org/techniques/T1499/003",
                    "external_id": "T1499.003"
                },
                {
                    "source_name": "Cisco DoSdetectNetflow",
                    "description": "Cisco. (n.d.). Detecting and Analyzing Network Threats With NetFlow. Retrieved April 25, 2019.",
                    "url": "https://www.cisco.com/c/en/us/td/docs/ios-xml/ios/netflow/configuration/15-mt/nf-15-mt-book/nf-detct-analy-thrts.pdf"
                },
                {
                    "source_name": "Arbor AnnualDoSreport Jan 2018",
                    "description": "Philippe Alcoy, Steinthor Bjarnason, Paul Bowen, C.F. Chui, Kirill Kasavchnko, and Gary Sockrider of Netscout Arbor. (2018, January). Insight into the Global Threat Landscape - Netscout Arbor's 13th Annual Worldwide Infrastructure Security Report. Retrieved April 22, 2019.",
                    "url": "https://pages.arbornetworks.com/rs/082-KNA-087/images/13th_Worldwide_Infrastructure_Security_Report.pdf"
                }
            ],
            "object_marking_refs": [
                "marking-definition--fa42a846-8d90-4e51-bc29-71d5b4802168"
            ],
            "x_mitre_attack_spec_version": "3.2.0",
            "x_mitre_modified_by_ref": "identity--c78cb6e5-0c4b-4611-8297-d1b8b55e40b5"
        }
    ]
}