{
    "type": "bundle",
    "id": "bundle--dd6213bf-8fdf-46cc-81f5-0334512ba1c5",
    "spec_version": "2.0",
    "objects": [
        {
            "modified": "2024-10-15T12:24:27.627Z",
            "name": "Email Collection",
            "description": "Adversaries may target user email to collect sensitive information. Emails may contain sensitive data, including trade secrets or personal information, that can prove valuable to adversaries. Emails may also contain details of ongoing incident response operations, which may allow adversaries to adjust their techniques in order to maintain persistence or evade defenses.(Citation: TrustedSec OOB Communications)(Citation: CISA AA20-352A 2021) Adversaries can collect or forward email from mail servers or clients. ",
            "kill_chain_phases": [
                {
                    "kill_chain_name": "mitre-attack",
                    "phase_name": "collection"
                }
            ],
            "x_mitre_contributors": [
                "Swetha Prabakaran, Microsoft Threat Intelligence Center (MSTIC)",
                "Menachem Goldstein"
            ],
            "x_mitre_deprecated": false,
            "x_mitre_detection": "There are likely a variety of ways an adversary could collect email from a target, each with a different mechanism for detection.\n\nFile access of local system email files for Exfiltration, unusual processes connecting to an email server within a network, or unusual access patterns or authentication attempts on a public-facing webmail server may all be indicators of malicious activity.\n\nMonitor processes and command-line arguments for actions that could be taken to gather local email files. Remote access tools with built-in features may interact directly with the Windows API to gather information. Information may also be acquired through Windows system management tools such as [Windows Management Instrumentation](https://attack.mitre.org/techniques/T1047) and [PowerShell](https://attack.mitre.org/techniques/T1059/001).\n\nDetection is challenging because all messages forwarded because of an auto-forwarding rule have the same presentation as a manually forwarded message. It is also possible for the user to not be aware of the addition of such an auto-forwarding rule and not suspect that their account has been compromised; email-forwarding rules alone will not affect the normal usage patterns or operations of the email account.\n\nAuto-forwarded messages generally contain specific detectable artifacts that may be present in the header; such artifacts would be platform-specific. Examples include <code>X-MS-Exchange-Organization-AutoForwarded</code> set to true, <code>X-MailFwdBy</code> and <code>X-Forwarded-To</code>. The <code>forwardingSMTPAddress</code> parameter used in a forwarding process that is managed by administrators and not by user actions. All messages for the mailbox are forwarded to the specified SMTP address. However, unlike typical client-side rules, the message does not appear as forwarded in the mailbox; it appears as if it were sent directly to the specified destination mailbox.(Citation: Microsoft Tim McMichael Exchange Mail Forwarding 2) High volumes of emails that bear the <code>X-MS-Exchange-Organization-AutoForwarded</code> header (indicating auto-forwarding) without a corresponding number of emails that match the appearance of a forwarded message may indicate that further investigation is needed at the administrator level rather than user-level.",
            "x_mitre_domains": [
                "enterprise-attack"
            ],
            "x_mitre_is_subtechnique": false,
            "x_mitre_platforms": [
                "Windows",
                "macOS",
                "Linux",
                "Office Suite"
            ],
            "x_mitre_version": "2.6",
            "x_mitre_data_sources": [
                "Logon Session: Logon Session Creation",
                "Application Log: Application Log Content",
                "Network Traffic: Network Connection Creation",
                "File: File Access",
                "Command: Command Execution"
            ],
            "type": "attack-pattern",
            "id": "attack-pattern--1608f3e1-598a-42f4-a01a-2e252e81728f",
            "created": "2017-05-31T21:31:25.454Z",
            "created_by_ref": "identity--c78cb6e5-0c4b-4611-8297-d1b8b55e40b5",
            "revoked": false,
            "external_references": [
                {
                    "source_name": "mitre-attack",
                    "url": "https://attack.mitre.org/techniques/T1114",
                    "external_id": "T1114"
                },
                {
                    "source_name": "CISA AA20-352A 2021",
                    "description": "CISA. (2021, April 15). Advanced Persistent Threat Compromise of Government Agencies, Critical Infrastructure, and Private Sector Organizations. Retrieved August 30, 2024.",
                    "url": "https://www.cisa.gov/news-events/cybersecurity-advisories/aa20-352a"
                },
                {
                    "source_name": "Microsoft Tim McMichael Exchange Mail Forwarding 2",
                    "description": "McMichael, T.. (2015, June 8). Exchange and Office 365 Mail Forwarding. Retrieved October 8, 2019.",
                    "url": "https://blogs.technet.microsoft.com/timmcmic/2015/06/08/exchange-and-office-365-mail-forwarding-2/"
                },
                {
                    "source_name": "TrustedSec OOB Communications",
                    "description": "Tyler Hudak. (2022, December 29). To OOB, or Not to OOB?: Why Out-of-Band Communications are Essential for Incident Response. Retrieved August 30, 2024.",
                    "url": "https://trustedsec.com/blog/to-oob-or-not-to-oob-why-out-of-band-communications-are-essential-for-incident-response"
                }
            ],
            "object_marking_refs": [
                "marking-definition--fa42a846-8d90-4e51-bc29-71d5b4802168"
            ],
            "x_mitre_attack_spec_version": "3.2.0",
            "x_mitre_modified_by_ref": "identity--c78cb6e5-0c4b-4611-8297-d1b8b55e40b5"
        }
    ]
}