{
    "type": "bundle",
    "id": "bundle--3f445a82-20fc-41d4-bdc9-582c5828b31a",
    "spec_version": "2.0",
    "objects": [
        {
            "modified": "2024-10-15T18:45:51.945Z",
            "name": "Cron",
            "description": "Adversaries may abuse the <code>cron</code> utility to perform task scheduling for initial or recurring execution of malicious code.(Citation: 20 macOS Common Tools and Techniques) The <code>cron</code> utility is a time-based job scheduler for Unix-like operating systems.  The <code> crontab</code> file contains the schedule of cron entries to be run and the specified times for execution. Any <code>crontab</code> files are stored in operating system-specific file paths.\n\nAn adversary may use <code>cron</code> in Linux or Unix environments to execute programs at system startup or on a scheduled basis for [Persistence](https://attack.mitre.org/tactics/TA0003). ",
            "kill_chain_phases": [
                {
                    "kill_chain_name": "mitre-attack",
                    "phase_name": "execution"
                },
                {
                    "kill_chain_name": "mitre-attack",
                    "phase_name": "persistence"
                },
                {
                    "kill_chain_name": "mitre-attack",
                    "phase_name": "privilege-escalation"
                }
            ],
            "x_mitre_deprecated": false,
            "x_mitre_detection": "Monitor scheduled task creation from common utilities using command-line invocation. Legitimate scheduled tasks may be created during installation of new software or through system administration functions. Look for changes to tasks that do not correlate with known software, patch cycles, etc.  \n\nSuspicious program execution through scheduled tasks may show up as outlier processes that have not been seen before when compared against historical data. Data and events should not be viewed in isolation, but as part of a chain of behavior that could lead to other activities, such as network connections made for Command and Control, learning details about the environment through Discovery, and Lateral Movement. ",
            "x_mitre_domains": [
                "enterprise-attack"
            ],
            "x_mitre_is_subtechnique": true,
            "x_mitre_platforms": [
                "Linux",
                "macOS"
            ],
            "x_mitre_version": "1.2",
            "x_mitre_data_sources": [
                "File: File Modification",
                "Process: Process Creation",
                "Scheduled Job: Scheduled Job Creation",
                "Command: Command Execution"
            ],
            "x_mitre_permissions_required": [
                "User"
            ],
            "x_mitre_remote_support": false,
            "type": "attack-pattern",
            "id": "attack-pattern--2acf44aa-542f-4366-b4eb-55ef5747759c",
            "created": "2019-12-03T14:25:00.538Z",
            "created_by_ref": "identity--c78cb6e5-0c4b-4611-8297-d1b8b55e40b5",
            "revoked": false,
            "external_references": [
                {
                    "source_name": "mitre-attack",
                    "url": "https://attack.mitre.org/techniques/T1053/003",
                    "external_id": "T1053.003"
                },
                {
                    "source_name": "20 macOS Common Tools and Techniques",
                    "description": "Phil Stokes. (2021, February 16). 20 Common Tools & Techniques Used by macOS Threat Actors & Malware. Retrieved August 23, 2021.",
                    "url": "https://labs.sentinelone.com/20-common-tools-techniques-used-by-macos-threat-actors-malware/"
                }
            ],
            "object_marking_refs": [
                "marking-definition--fa42a846-8d90-4e51-bc29-71d5b4802168"
            ],
            "x_mitre_attack_spec_version": "3.2.0",
            "x_mitre_modified_by_ref": "identity--c78cb6e5-0c4b-4611-8297-d1b8b55e40b5"
        }
    ]
}