{
    "type": "bundle",
    "id": "bundle--f07ed6d0-4090-497d-a2a6-d8d1aea08da5",
    "spec_version": "2.0",
    "objects": [
        {
            "x_mitre_platforms": [
                "macOS"
            ],
            "x_mitre_domains": [
                "enterprise-attack"
            ],
            "object_marking_refs": [
                "marking-definition--fa42a846-8d90-4e51-bc29-71d5b4802168"
            ],
            "type": "attack-pattern",
            "id": "attack-pattern--10ff21b9-5a01-4268-a1b5-3b55015f1847",
            "created": "2020-01-24T14:21:52.750Z",
            "x_mitre_version": "1.0",
            "external_references": [
                {
                    "source_name": "mitre-attack",
                    "external_id": "T1546.006",
                    "url": "https://attack.mitre.org/techniques/T1546/006"
                },
                {
                    "source_name": "Malware Persistence on OS X",
                    "url": "https://www.virusbulletin.com/uploads/pdf/conference/vb2014/VB2014-Wardle.pdf",
                    "description": "Patrick Wardle. (2015). Malware Persistence on OS X Yosemite. Retrieved July 10, 2017."
                },
                {
                    "source_name": "Writing Bad Malware for OSX",
                    "url": "https://www.blackhat.com/docs/us-15/materials/us-15-Wardle-Writing-Bad-A-Malware-For-OS-X.pdf",
                    "description": "Patrick Wardle. (2015). Writing Bad @$$ Malware for OS X. Retrieved July 10, 2017."
                }
            ],
            "x_mitre_deprecated": false,
            "revoked": false,
            "description": "Adversaries may establish persistence by executing malicious content triggered by the execution of tainted binaries. Mach-O binaries have a series of headers that are used to perform certain operations when a binary is loaded. The LC_LOAD_DYLIB header in a Mach-O binary tells macOS and OS X which dynamic libraries (dylibs) to load during execution time. These can be added ad-hoc to the compiled binary as long as adjustments are made to the rest of the fields and dependencies.(Citation: Writing Bad Malware for OSX) There are tools available to perform these changes.\n\nAdversaries may modify Mach-O binary headers to load and execute malicious dylibs every time the binary is executed. Although any changes will invalidate digital signatures on binaries because the binary is being modified, this can be remediated by simply removing the LC_CODE_SIGNATURE command from the binary so that the signature isn\u2019t checked at load time.(Citation: Malware Persistence on OS X)",
            "modified": "2022-04-20T17:08:21.101Z",
            "created_by_ref": "identity--c78cb6e5-0c4b-4611-8297-d1b8b55e40b5",
            "name": "LC_LOAD_DYLIB Addition",
            "x_mitre_detection": "Monitor processes for those that may be used to modify binary headers. Monitor file systems for changes to application binaries and invalid checksums/signatures. Changes to binaries that do not line up with application updates or patches are also extremely suspicious.",
            "kill_chain_phases": [
                {
                    "kill_chain_name": "mitre-attack",
                    "phase_name": "privilege-escalation"
                },
                {
                    "kill_chain_name": "mitre-attack",
                    "phase_name": "persistence"
                }
            ],
            "x_mitre_is_subtechnique": true,
            "x_mitre_data_sources": [
                "Command: Command Execution",
                "File: File Metadata",
                "Process: Process Creation",
                "File: File Modification",
                "Module: Module Load"
            ],
            "x_mitre_permissions_required": [
                "User"
            ],
            "x_mitre_attack_spec_version": "2.1.0",
            "x_mitre_modified_by_ref": "identity--c78cb6e5-0c4b-4611-8297-d1b8b55e40b5"
        }
    ]
}