{
    "type": "bundle",
    "id": "bundle--5b33aba1-c3be-4685-bedf-066c88b29a68",
    "spec_version": "2.0",
    "objects": [
        {
            "modified": "2024-10-15T15:57:40.951Z",
            "name": "Exfiltration Over Web Service",
            "description": "Adversaries may use an existing, legitimate external Web service to exfiltrate data rather than their primary command and control channel. Popular Web services acting as an exfiltration mechanism may give a significant amount of cover due to the likelihood that hosts within a network are already communicating with them prior to compromise. Firewall rules may also already exist to permit traffic to these services.\n\nWeb service providers also commonly use SSL/TLS encryption, giving adversaries an added level of protection.",
            "kill_chain_phases": [
                {
                    "kill_chain_name": "mitre-attack",
                    "phase_name": "exfiltration"
                }
            ],
            "x_mitre_contributors": [
                "William Cain"
            ],
            "x_mitre_deprecated": false,
            "x_mitre_detection": "Analyze network data for uncommon data flows (e.g., a client sending significantly more data than it receives from a server). Processes utilizing the network that do not normally have network communication or have never been seen before are suspicious. User behavior monitoring may help to detect abnormal patterns of activity.",
            "x_mitre_domains": [
                "enterprise-attack"
            ],
            "x_mitre_is_subtechnique": false,
            "x_mitre_platforms": [
                "Linux",
                "macOS",
                "Windows",
                "SaaS",
                "Office Suite"
            ],
            "x_mitre_version": "1.4",
            "x_mitre_data_sources": [
                "Network Traffic: Network Traffic Content",
                "Network Traffic: Network Connection Creation",
                "Command: Command Execution",
                "Network Traffic: Network Traffic Flow",
                "File: File Access",
                "Application Log: Application Log Content"
            ],
            "type": "attack-pattern",
            "id": "attack-pattern--40597f16-0963-4249-bf4c-ac93b7fb9807",
            "created": "2020-03-09T12:51:45.570Z",
            "created_by_ref": "identity--c78cb6e5-0c4b-4611-8297-d1b8b55e40b5",
            "revoked": false,
            "external_references": [
                {
                    "source_name": "mitre-attack",
                    "url": "https://attack.mitre.org/techniques/T1567",
                    "external_id": "T1567"
                }
            ],
            "object_marking_refs": [
                "marking-definition--fa42a846-8d90-4e51-bc29-71d5b4802168"
            ],
            "x_mitre_attack_spec_version": "3.2.0",
            "x_mitre_modified_by_ref": "identity--c78cb6e5-0c4b-4611-8297-d1b8b55e40b5"
        }
    ]
}