{
    "type": "bundle",
    "id": "bundle--4b8941e8-5e0f-40df-8262-59697227e926",
    "spec_version": "2.0",
    "objects": [
        {
            "modified": "2024-10-15T16:41:18.638Z",
            "name": "Securityd Memory",
            "description": "An adversary with root access may gather credentials by reading `securityd`\u2019s memory. `securityd` is a service/daemon responsible for implementing security protocols such as encryption and authorization.(Citation: Apple Dev SecurityD) A privileged adversary may be able to scan through `securityd`'s memory to find the correct sequence of keys to decrypt the user\u2019s logon keychain. This may provide the adversary with various plaintext passwords, such as those for users, WiFi, mail, browsers, certificates, secure notes, etc.(Citation: OS X Keychain)(Citation: OSX Keydnap malware)\n\nIn OS X prior to El Capitan, users with root access can read plaintext keychain passwords of logged-in users because Apple\u2019s keychain implementation allows these credentials to be cached so that users are not repeatedly prompted for passwords.(Citation: OS X Keychain)(Citation: External to DA, the OS X Way) Apple\u2019s `securityd` utility takes the user\u2019s logon password, encrypts it with PBKDF2, and stores this master key in memory. Apple also uses a set of keys and algorithms to encrypt the user\u2019s password, but once the master key is found, an adversary need only iterate over the other values to unlock the final password.(Citation: OS X Keychain)",
            "kill_chain_phases": [
                {
                    "kill_chain_name": "mitre-attack",
                    "phase_name": "credential-access"
                }
            ],
            "x_mitre_deprecated": false,
            "x_mitre_detection": "Monitor processes and command-line arguments for activity surrounded users searching for credentials or using automated tools to scan memory for passwords.",
            "x_mitre_domains": [
                "enterprise-attack"
            ],
            "x_mitre_is_subtechnique": true,
            "x_mitre_platforms": [
                "Linux",
                "macOS"
            ],
            "x_mitre_version": "1.2",
            "x_mitre_data_sources": [
                "Command: Command Execution",
                "Process: Process Access"
            ],
            "type": "attack-pattern",
            "id": "attack-pattern--1a80d097-54df-41d8-9d33-34e755ec5e72",
            "created": "2020-02-12T18:56:31.051Z",
            "created_by_ref": "identity--c78cb6e5-0c4b-4611-8297-d1b8b55e40b5",
            "revoked": false,
            "external_references": [
                {
                    "source_name": "mitre-attack",
                    "url": "https://attack.mitre.org/techniques/T1555/002",
                    "external_id": "T1555.002"
                },
                {
                    "source_name": "External to DA, the OS X Way",
                    "description": "Alex Rymdeko-Harvey, Steve Borosh. (2016, May 14). External to DA, the OS X Way. Retrieved September 12, 2024.",
                    "url": "https://www.slideshare.net/slideshow/external-to-da-the-os-x-way/62021418"
                },
                {
                    "source_name": "Apple Dev SecurityD",
                    "description": "Apple. (n.d.). Security Server and Security Agent. Retrieved March 29, 2024.",
                    "url": "https://developer.apple.com/library/archive/documentation/Security/Conceptual/Security_Overview/Architecture/Architecture.html"
                },
                {
                    "source_name": "OS X Keychain",
                    "description": "Juuso Salonen. (2012, September 5). Breaking into the OS X keychain. Retrieved July 15, 2017.",
                    "url": "http://juusosalonen.com/post/30923743427/breaking-into-the-os-x-keychain"
                },
                {
                    "source_name": "OSX Keydnap malware",
                    "description": "Marc-Etienne M.Leveille. (2016, July 6). New OSX/Keydnap malware is hungry for credentials. Retrieved July 3, 2017.",
                    "url": "https://www.welivesecurity.com/2016/07/06/new-osxkeydnap-malware-hungry-credentials/"
                }
            ],
            "object_marking_refs": [
                "marking-definition--fa42a846-8d90-4e51-bc29-71d5b4802168"
            ],
            "x_mitre_attack_spec_version": "3.2.0",
            "x_mitre_modified_by_ref": "identity--c78cb6e5-0c4b-4611-8297-d1b8b55e40b5"
        }
    ]
}