{
    "type": "bundle",
    "id": "bundle--810c97cf-27ca-48ca-91a0-8850beca5d36",
    "spec_version": "2.0",
    "objects": [
        {
            "modified": "2024-08-15T14:13:45.294Z",
            "name": "Credentials from Web Browsers",
            "description": "Adversaries may acquire credentials from web browsers by reading files specific to the target browser.(Citation: Talos Olympic Destroyer 2018) Web browsers commonly save credentials such as website usernames and passwords so that they do not need to be entered manually in the future. Web browsers typically store the credentials in an encrypted format within a credential store; however, methods exist to extract plaintext credentials from web browsers.\n\nFor example, on Windows systems, encrypted credentials may be obtained from Google Chrome by reading a database file, <code>AppData\\Local\\Google\\Chrome\\User Data\\Default\\Login Data</code> and executing a SQL query: <code>SELECT action_url, username_value, password_value FROM logins;</code>. The plaintext password can then be obtained by passing the encrypted credentials to the Windows API function <code>CryptUnprotectData</code>, which uses the victim\u2019s cached logon credentials as the decryption key.(Citation: Microsoft CryptUnprotectData April 2018)\n \nAdversaries have executed similar procedures for common web browsers such as FireFox, Safari, Edge, etc.(Citation: Proofpoint Vega Credential Stealer May 2018)(Citation: FireEye HawkEye Malware July 2017) Windows stores Internet Explorer and Microsoft Edge credentials in Credential Lockers managed by the [Windows Credential Manager](https://attack.mitre.org/techniques/T1555/004).\n\nAdversaries may also acquire credentials by searching web browser process memory for patterns that commonly match credentials.(Citation: GitHub Mimikittenz July 2016)\n\nAfter acquiring credentials from web browsers, adversaries may attempt to recycle the credentials across different systems and/or accounts in order to expand access. This can result in significantly furthering an adversary's objective in cases where credentials gained from web browsers overlap with privileged accounts (e.g. domain administrator).",
            "kill_chain_phases": [
                {
                    "kill_chain_name": "mitre-attack",
                    "phase_name": "credential-access"
                }
            ],
            "x_mitre_contributors": [
                "Ryan Benson, Exabeam",
                "Barry Shteiman, Exabeam",
                "Sylvain Gil, Exabeam",
                "RedHuntLabs, @redhuntlabs"
            ],
            "x_mitre_deprecated": false,
            "x_mitre_detection": "Identify web browser files that contain credentials such as Google Chrome\u2019s Login Data database file: <code>AppData\\Local\\Google\\Chrome\\User Data\\Default\\Login Data</code>. Monitor file read events of web browser files that contain credentials, especially when the reading process is unrelated to the subject web browser. Monitor process execution logs to include PowerShell Transcription focusing on those that perform a combination of behaviors including reading web browser process memory, utilizing regular expressions, and those that contain numerous keywords for common web applications (Gmail, Twitter, Office365, etc.).",
            "x_mitre_domains": [
                "enterprise-attack"
            ],
            "x_mitre_is_subtechnique": true,
            "x_mitre_platforms": [
                "Linux",
                "macOS",
                "Windows"
            ],
            "x_mitre_version": "1.2",
            "x_mitre_data_sources": [
                "Command: Command Execution",
                "Process: Process Access",
                "File: File Access",
                "Process: OS API Execution"
            ],
            "type": "attack-pattern",
            "id": "attack-pattern--58a3e6aa-4453-4cc8-a51f-4befe80b31a8",
            "created": "2020-02-12T18:57:36.041Z",
            "created_by_ref": "identity--c78cb6e5-0c4b-4611-8297-d1b8b55e40b5",
            "revoked": false,
            "external_references": [
                {
                    "source_name": "mitre-attack",
                    "url": "https://attack.mitre.org/techniques/T1555/003",
                    "external_id": "T1555.003"
                },
                {
                    "source_name": "GitHub Mimikittenz July 2016",
                    "description": "Jamieson O'Reilly (putterpanda). (2016, July 4). mimikittenz. Retrieved June 20, 2019.",
                    "url": "https://github.com/putterpanda/mimikittenz"
                },
                {
                    "source_name": "Talos Olympic Destroyer 2018",
                    "description": "Mercer, W. and Rascagneres, P. (2018, February 12). Olympic Destroyer Takes Aim At Winter Olympics. Retrieved March 14, 2019.",
                    "url": "https://blog.talosintelligence.com/2018/02/olympic-destroyer.html"
                },
                {
                    "source_name": "Microsoft CryptUnprotectData April 2018",
                    "description": "Microsoft. (2018, April 12). CryptUnprotectData function. Retrieved June 18, 2019.",
                    "url": "https://docs.microsoft.com/en-us/windows/desktop/api/dpapi/nf-dpapi-cryptunprotectdata"
                },
                {
                    "source_name": "Proofpoint Vega Credential Stealer May 2018",
                    "description": "Proofpoint. (2018, May 10). New Vega Stealer shines brightly in targeted campaign . Retrieved June 18, 2019.",
                    "url": "https://www.proofpoint.com/us/threat-insight/post/new-vega-stealer-shines-brightly-targeted-campaign"
                },
                {
                    "source_name": "FireEye HawkEye Malware July 2017",
                    "description": "Swapnil Patil, Yogesh Londhe. (2017, July 25). HawkEye Credential Theft Malware Distributed in Recent Phishing Campaign. Retrieved June 18, 2019.",
                    "url": "https://www.fireeye.com/blog/threat-research/2017/07/hawkeye-malware-distributed-in-phishing-campaign.html"
                }
            ],
            "object_marking_refs": [
                "marking-definition--fa42a846-8d90-4e51-bc29-71d5b4802168"
            ],
            "x_mitre_attack_spec_version": "3.2.0",
            "x_mitre_modified_by_ref": "identity--c78cb6e5-0c4b-4611-8297-d1b8b55e40b5"
        }
    ]
}