{
    "type": "bundle",
    "id": "bundle--233eb30e-b929-4284-b7e0-f3631385fa40",
    "spec_version": "2.0",
    "objects": [
        {
            "modified": "2024-10-14T22:11:30.271Z",
            "name": "Redundant Access",
            "description": "**This technique has been deprecated. Please use [Create Account](https://attack.mitre.org/techniques/T1136), [Web Shell](https://attack.mitre.org/techniques/T1505/003), and [External Remote Services](https://attack.mitre.org/techniques/T1133) where appropriate.**\n\nAdversaries may use more than one remote access tool with varying command and control protocols or credentialed access to remote services so they can maintain access if an access mechanism is detected or mitigated. \n\nIf one type of tool is detected and blocked or removed as a response but the organization did not gain a full understanding of the adversary's tools and access, then the adversary will be able to retain access to the network. Adversaries may also attempt to gain access to [Valid Accounts](https://attack.mitre.org/techniques/T1078) to use [External Remote Services](https://attack.mitre.org/techniques/T1133) such as external VPNs as a way to maintain access despite interruptions to remote access tools deployed within a target network.(Citation: Mandiant APT1) Adversaries may also retain access through cloud-based infrastructure and applications.\n\nUse of a [Web Shell](https://attack.mitre.org/techniques/T1100) is one such way to maintain access to a network through an externally accessible Web server.",
            "kill_chain_phases": [
                {
                    "kill_chain_name": "mitre-attack",
                    "phase_name": "defense-evasion"
                },
                {
                    "kill_chain_name": "mitre-attack",
                    "phase_name": "persistence"
                }
            ],
            "x_mitre_contributors": [
                "Praetorian"
            ],
            "x_mitre_deprecated": true,
            "x_mitre_detection": "Existing methods of detecting remote access tools are helpful. Backup remote access tools or other access points may not have established command and control channels open during an intrusion, so the volume of data transferred may not be as high as the primary channel unless access is lost.\n\nDetection of tools based on beacon traffic, Command and Control protocol, or adversary infrastructure require prior threat intelligence on tools, IP addresses, and/or domains the adversary may use, along with the ability to detect use at the network boundary. Prior knowledge of indicators of compromise may also help detect adversary tools at the endpoint if tools are available to scan for those indicators.\n\nIf an intrusion is in progress and sufficient endpoint data or decoded command and control traffic is collected, then defenders will likely be able to detect additional tools dropped as the adversary is conducting the operation.\n\nFor alternative access using externally accessible VPNs or remote services, follow detection recommendations under [Valid Accounts](https://attack.mitre.org/techniques/T1078) and [External Remote Services](https://attack.mitre.org/techniques/T1133) to collect account use information.",
            "x_mitre_domains": [
                "enterprise-attack"
            ],
            "x_mitre_modified_by_ref": "identity--c78cb6e5-0c4b-4611-8297-d1b8b55e40b5",
            "x_mitre_platforms": [
                "Windows",
                "SaaS",
                "IaaS",
                "Linux",
                "macOS",
                "Office Suite",
                "Identity Provider"
            ],
            "x_mitre_version": "3.1",
            "x_mitre_defense_bypassed": [
                "Network intrusion detection system",
                "Anti-virus"
            ],
            "x_mitre_permissions_required": [
                "User",
                "Administrator",
                "SYSTEM"
            ],
            "type": "attack-pattern",
            "id": "attack-pattern--6aabc5ec-eae6-422c-8311-38d45ee9838a",
            "created": "2017-05-31T21:31:18.867Z",
            "created_by_ref": "identity--c78cb6e5-0c4b-4611-8297-d1b8b55e40b5",
            "external_references": [
                {
                    "source_name": "mitre-attack",
                    "url": "https://attack.mitre.org/techniques/T1108",
                    "external_id": "T1108"
                },
                {
                    "source_name": "Mandiant APT1",
                    "description": "Mandiant. (n.d.). APT1 Exposing One of China\u2019s Cyber Espionage Units. Retrieved July 18, 2016.",
                    "url": "https://www.fireeye.com/content/dam/fireeye-www/services/pdfs/mandiant-apt1-report.pdf"
                }
            ],
            "object_marking_refs": [
                "marking-definition--fa42a846-8d90-4e51-bc29-71d5b4802168"
            ],
            "x_mitre_attack_spec_version": "3.2.0",
            "x_mitre_is_subtechnique": false
        }
    ]
}