{
    "type": "bundle",
    "id": "bundle--06f28769-1fac-4caf-a6af-c4d052993f18",
    "spec_version": "2.0",
    "objects": [
        {
            "x_mitre_platforms": [
                "Linux",
                "macOS",
                "Windows"
            ],
            "x_mitre_domains": [
                "enterprise-attack"
            ],
            "object_marking_refs": [
                "marking-definition--fa42a846-8d90-4e51-bc29-71d5b4802168"
            ],
            "id": "attack-pattern--327f3cc5-eea1-42d4-a6cd-ed34b7ce8f61",
            "type": "attack-pattern",
            "created": "2017-05-31T21:30:27.755Z",
            "created_by_ref": "identity--c78cb6e5-0c4b-4611-8297-d1b8b55e40b5",
            "revoked": true,
            "external_references": [
                {
                    "source_name": "mitre-attack",
                    "url": "https://attack.mitre.org/techniques/T1017",
                    "external_id": "T1017"
                },
                {
                    "external_id": "CAPEC-187",
                    "source_name": "capec",
                    "url": "https://capec.mitre.org/data/definitions/187.html"
                }
            ],
            "modified": "2020-03-23T15:40:50.965Z",
            "name": "Application Deployment Software",
            "description": "Adversaries may deploy malicious software to systems within a network using application deployment systems employed by enterprise administrators. The permissions required for this action vary by system configuration; local credentials may be sufficient with direct access to the deployment server, or specific domain credentials may be required. However, the system may require an administrative account to log in or to perform software deployment.\n\nAccess to a network-wide or enterprise-wide software deployment system enables an adversary to have remote code execution on all systems that are connected to such a system. The access may be used to laterally move to systems, gather information, or cause a specific effect, such as wiping the hard drives on all endpoints.",
            "kill_chain_phases": [
                {
                    "kill_chain_name": "mitre-attack",
                    "phase_name": "lateral-movement"
                }
            ],
            "x_mitre_detection": "Monitor application deployments from a secondary system. Perform application deployment at regular times so that irregular deployment activity stands out. Monitor process activity that does not correlate to known good software. Monitor account login activity on the deployment system.",
            "x_mitre_version": "1.0",
            "x_mitre_modified_by_ref": "identity--c78cb6e5-0c4b-4611-8297-d1b8b55e40b5",
            "x_mitre_system_requirements": [
                "Access to application deployment software (EPO, HPCA, Altiris, etc.)"
            ],
            "x_mitre_is_subtechnique": false
        }
    ]
}