{
    "type": "bundle",
    "id": "bundle--e01cf5f3-29e5-4f23-8fa8-a531706ddb20",
    "spec_version": "2.0",
    "objects": [
        {
            "modified": "2024-04-15T23:42:39.831Z",
            "name": "File/Path Exclusions",
            "description": "Adversaries may attempt to hide their file-based artifacts by writing them to specific folders or file names excluded from antivirus (AV) scanning and other defensive capabilities. AV and other file-based scanners often include exclusions to optimize performance as well as ease installation and legitimate use of applications. These exclusions may be contextual (e.g., scans are only initiated in response to specific triggering events/alerts), but are also often hardcoded strings referencing specific folders and/or files assumed to be trusted and legitimate.(Citation: Microsoft File Folder Exclusions)\n\nAdversaries may abuse these exclusions to hide their file-based artifacts. For example, rather than  tampering with tool settings to add a new exclusion (i.e., [Disable or Modify Tools](https://attack.mitre.org/techniques/T1562/001)), adversaries may drop their file-based payloads in default or otherwise well-known exclusions. Adversaries may also use [Security Software Discovery](https://attack.mitre.org/techniques/T1518/001) and other [Discovery](https://attack.mitre.org/tactics/TA0007)/[Reconnaissance](https://attack.mitre.org/tactics/TA0043) activities to both discover and verify existing exclusions in a victim environment.",
            "kill_chain_phases": [
                {
                    "kill_chain_name": "mitre-attack",
                    "phase_name": "defense-evasion"
                }
            ],
            "x_mitre_deprecated": false,
            "x_mitre_detection": "",
            "x_mitre_domains": [
                "enterprise-attack"
            ],
            "x_mitre_is_subtechnique": true,
            "x_mitre_platforms": [
                "Linux",
                "macOS",
                "Windows"
            ],
            "x_mitre_version": "1.0",
            "x_mitre_data_sources": [
                "File: File Creation"
            ],
            "type": "attack-pattern",
            "id": "attack-pattern--09b008a9-b4eb-462a-a751-a0eb58050cd9",
            "created": "2024-03-29T16:59:10.374Z",
            "created_by_ref": "identity--c78cb6e5-0c4b-4611-8297-d1b8b55e40b5",
            "revoked": false,
            "external_references": [
                {
                    "source_name": "mitre-attack",
                    "url": "https://attack.mitre.org/techniques/T1564/012",
                    "external_id": "T1564.012"
                },
                {
                    "source_name": "Microsoft File Folder Exclusions",
                    "description": "Microsoft. (2024, February 27). Contextual file and folder exclusions. Retrieved March 29, 2024.",
                    "url": "https://learn.microsoft.com/en-us/microsoft-365/security/defender-endpoint/configure-contextual-file-folder-exclusions-microsoft-defender-antivirus"
                }
            ],
            "object_marking_refs": [
                "marking-definition--fa42a846-8d90-4e51-bc29-71d5b4802168"
            ],
            "x_mitre_attack_spec_version": "3.2.0",
            "x_mitre_modified_by_ref": "identity--c78cb6e5-0c4b-4611-8297-d1b8b55e40b5"
        }
    ]
}