{
    "type": "bundle",
    "id": "bundle--fd16ba60-7e47-46d0-92c4-ea948151b587",
    "spec_version": "2.0",
    "objects": [
        {
            "modified": "2024-02-01T04:37:36.774Z",
            "name": "Domain Account",
            "description": "Adversaries may create a domain account to maintain access to victim systems. Domain accounts are those managed by Active Directory Domain Services where access and permissions are configured across systems and services that are part of that domain. Domain accounts can cover user, administrator, and service accounts. With a sufficient level of access, the <code>net user /add /domain</code> command can be used to create a domain account.(Citation: Savill 1999)\n\nSuch accounts may be used to establish secondary credentialed access that do not require persistent remote access tools to be deployed on the system.",
            "kill_chain_phases": [
                {
                    "kill_chain_name": "mitre-attack",
                    "phase_name": "persistence"
                }
            ],
            "x_mitre_deprecated": false,
            "x_mitre_detection": "Monitor for processes and command-line parameters associated with domain account creation, such as <code>net user /add /domain</code>. Collect data on account creation within a network. Event ID 4720 is generated when a user account is created on a Windows domain controller. (Citation: Microsoft User Creation Event) Perform regular audits of domain accounts to detect suspicious accounts that may have been created by an adversary.",
            "x_mitre_domains": [
                "enterprise-attack"
            ],
            "x_mitre_is_subtechnique": true,
            "x_mitre_platforms": [
                "Windows",
                "macOS",
                "Linux"
            ],
            "x_mitre_version": "1.1",
            "x_mitre_data_sources": [
                "Process: Process Creation",
                "Command: Command Execution",
                "User Account: User Account Creation"
            ],
            "type": "attack-pattern",
            "id": "attack-pattern--7610cada-1499-41a4-b3dd-46467b68d177",
            "created": "2020-01-28T14:05:17.825Z",
            "created_by_ref": "identity--c78cb6e5-0c4b-4611-8297-d1b8b55e40b5",
            "revoked": false,
            "external_references": [
                {
                    "source_name": "mitre-attack",
                    "url": "https://attack.mitre.org/techniques/T1136/002",
                    "external_id": "T1136.002"
                },
                {
                    "source_name": "Microsoft User Creation Event",
                    "description": "Lich, B., Miroshnikov, A. (2017, April 5). 4720(S): A user account was created. Retrieved June 30, 2017.",
                    "url": "https://docs.microsoft.com/en-us/windows/security/threat-protection/auditing/event-4720"
                },
                {
                    "source_name": "Savill 1999",
                    "description": "Savill, J. (1999, March 4). Net.exe reference. Retrieved September 22, 2015.",
                    "url": "https://web.archive.org/web/20150511162820/http://windowsitpro.com/windows/netexe-reference"
                }
            ],
            "object_marking_refs": [
                "marking-definition--fa42a846-8d90-4e51-bc29-71d5b4802168"
            ],
            "x_mitre_attack_spec_version": "3.2.0",
            "x_mitre_modified_by_ref": "identity--c78cb6e5-0c4b-4611-8297-d1b8b55e40b5"
        }
    ]
}