{
    "type": "bundle",
    "id": "bundle--fce14d2a-b10b-4f84-9aa7-299165f3b64b",
    "spec_version": "2.0",
    "objects": [
        {
            "x_mitre_platforms": [
                "Windows"
            ],
            "x_mitre_domains": [
                "enterprise-attack"
            ],
            "x_mitre_contributors": [
                "Ziv Kaspersky, Cymptom",
                "Alexandros Pappas"
            ],
            "object_marking_refs": [
                "marking-definition--fa42a846-8d90-4e51-bc29-71d5b4802168"
            ],
            "type": "attack-pattern",
            "id": "attack-pattern--365be77f-fc0e-42ee-bac8-4faf806d9336",
            "created": "2020-01-24T14:38:49.266Z",
            "x_mitre_version": "2.0",
            "external_references": [
                {
                    "source_name": "mitre-attack",
                    "external_id": "T1218.007",
                    "url": "https://attack.mitre.org/techniques/T1218/007"
                },
                {
                    "source_name": "TrendMicro Msiexec Feb 2018",
                    "url": "https://blog.trendmicro.com/trendlabs-security-intelligence/attack-using-windows-installer-msiexec-exe-leads-lokibot/",
                    "description": "Co, M. and Sison, G. (2018, February 8). Attack Using Windows Installer msiexec.exe leads to LokiBot. Retrieved April 18, 2019."
                },
                {
                    "source_name": "LOLBAS Msiexec",
                    "url": "https://lolbas-project.github.io/lolbas/Binaries/Msiexec/",
                    "description": "LOLBAS. (n.d.). Msiexec.exe. Retrieved April 18, 2019."
                },
                {
                    "source_name": "Microsoft msiexec",
                    "url": "https://docs.microsoft.com/en-us/windows-server/administration/windows-commands/msiexec",
                    "description": "Microsoft. (2017, October 15). msiexec. Retrieved January 24, 2020."
                },
                {
                    "source_name": "Microsoft AlwaysInstallElevated 2018",
                    "url": "https://docs.microsoft.com/en-us/windows/win32/msi/alwaysinstallelevated",
                    "description": "Microsoft. (2018, May 31). AlwaysInstallElevated. Retrieved December 14, 2020."
                }
            ],
            "x_mitre_deprecated": false,
            "revoked": false,
            "description": "Adversaries may abuse msiexec.exe to proxy execution of malicious payloads. Msiexec.exe is the command-line utility for the Windows Installer and is thus commonly associated with executing installation packages (.msi).(Citation: Microsoft msiexec) The Msiexec.exe binary may also be digitally signed by Microsoft.\n\nAdversaries may abuse msiexec.exe to launch local or network accessible MSI files. Msiexec.exe can also execute DLLs.(Citation: LOLBAS Msiexec)(Citation: TrendMicro Msiexec Feb 2018) Since it may be signed and native on Windows systems, msiexec.exe can be used to bypass application control solutions that do not account for its potential abuse. Msiexec.exe execution may also be elevated to SYSTEM privileges if the <code>AlwaysInstallElevated</code> policy is enabled.(Citation: Microsoft AlwaysInstallElevated 2018)",
            "modified": "2022-04-19T17:33:16.346Z",
            "created_by_ref": "identity--c78cb6e5-0c4b-4611-8297-d1b8b55e40b5",
            "name": "Msiexec",
            "x_mitre_detection": "Use process monitoring to monitor the execution and arguments of msiexec.exe. Compare recent invocations of msiexec.exe with prior history of known good arguments and executed MSI files or DLLs to determine anomalous and potentially adversarial activity. Command arguments used before and after the invocation of msiexec.exe may also be useful in determining the origin and purpose of the MSI files or DLLs being executed.",
            "kill_chain_phases": [
                {
                    "kill_chain_name": "mitre-attack",
                    "phase_name": "defense-evasion"
                }
            ],
            "x_mitre_is_subtechnique": true,
            "x_mitre_data_sources": [
                "Module: Module Load",
                "Network Traffic: Network Connection Creation",
                "Process: Process Creation",
                "Command: Command Execution"
            ],
            "x_mitre_defense_bypassed": [
                "Digital Certificate Validation",
                "Application control"
            ],
            "x_mitre_attack_spec_version": "2.1.0",
            "x_mitre_modified_by_ref": "identity--c78cb6e5-0c4b-4611-8297-d1b8b55e40b5"
        }
    ]
}