{
    "type": "bundle",
    "id": "bundle--d89d6121-97ee-4bc2-8ac0-374a73be3c36",
    "spec_version": "2.0",
    "objects": [
        {
            "modified": "2024-10-14T22:11:30.271Z",
            "name": "Impair Defenses",
            "description": "Adversaries may maliciously modify components of a victim environment in order to hinder or disable defensive mechanisms. This not only involves impairing preventative defenses, such as firewalls and anti-virus, but also detection capabilities that defenders can use to audit activity and identify malicious behavior. This may also span both native defenses as well as supplemental capabilities installed by users and administrators.\n\nAdversaries may also impair routine operations that contribute to defensive hygiene, such as blocking users from logging out, preventing a system from shutting down, or disabling or modifying the update process. Adversaries could also target event aggregation and analysis mechanisms, or otherwise disrupt these procedures by altering other system components. These restrictions can further enable malicious operations as well as the continued propagation of incidents.(Citation: Google Cloud Mandiant UNC3886 2024)(Citation: Emotet shutdown)\n\n",
            "kill_chain_phases": [
                {
                    "kill_chain_name": "mitre-attack",
                    "phase_name": "defense-evasion"
                }
            ],
            "x_mitre_attack_spec_version": "3.2.0",
            "x_mitre_contributors": [
                "Jamie Williams (U \u03c9 U), PANW Unit 42",
                "Liran Ravich, CardinalOps"
            ],
            "x_mitre_deprecated": false,
            "x_mitre_detection": "Monitor processes and command-line arguments to see if security tools or logging services are killed or stop running. Monitor Registry edits for modifications to services and startup programs that correspond to security tools.  Lack of log events may be suspicious.\n\nMonitor environment variables and APIs that can be leveraged to disable security measures.",
            "x_mitre_domains": [
                "enterprise-attack"
            ],
            "x_mitre_is_subtechnique": false,
            "x_mitre_modified_by_ref": "identity--c78cb6e5-0c4b-4611-8297-d1b8b55e40b5",
            "x_mitre_platforms": [
                "Windows",
                "IaaS",
                "Linux",
                "macOS",
                "Containers",
                "Network",
                "Identity Provider",
                "Office Suite"
            ],
            "x_mitre_version": "1.6",
            "x_mitre_data_sources": [
                "File: File Modification",
                "Cloud Service: Cloud Service Disable",
                "Firewall: Firewall Rule Modification",
                "Command: Command Execution",
                "Script: Script Execution",
                "Process: Process Modification",
                "Windows Registry: Windows Registry Key Deletion",
                "Process: Process Termination",
                "Service: Service Metadata",
                "Cloud Service: Cloud Service Modification",
                "User Account: User Account Modification",
                "File: File Deletion",
                "Sensor Health: Host Status",
                "Process: OS API Execution",
                "Process: Process Creation",
                "Windows Registry: Windows Registry Key Modification",
                "Driver: Driver Load",
                "Firewall: Firewall Disable"
            ],
            "x_mitre_defense_bypassed": [
                "Anti-virus",
                "Signature-based detection",
                "Host intrusion prevention systems",
                "File monitoring",
                "Digital Certificate Validation",
                "Host forensic analysis",
                "Log analysis",
                "Firewall"
            ],
            "type": "attack-pattern",
            "id": "attack-pattern--3d333250-30e4-4a82-9edc-756c68afc529",
            "created": "2020-02-21T20:22:13.470Z",
            "created_by_ref": "identity--c78cb6e5-0c4b-4611-8297-d1b8b55e40b5",
            "revoked": false,
            "external_references": [
                {
                    "source_name": "mitre-attack",
                    "url": "https://attack.mitre.org/techniques/T1562",
                    "external_id": "T1562"
                },
                {
                    "source_name": "Google Cloud Mandiant UNC3886 2024",
                    "description": " Punsaen Boonyakarn, Shawn Chew, Logeswaran Nadarajan, Mathew Potaczek, Jakub Jozwiak, and Alex Marvi. (2024, June 18). Cloaked and Covert: Uncovering UNC3886 Espionage Operations. Retrieved September 24, 2024.",
                    "url": "https://cloud.google.com/blog/topics/threat-intelligence/uncovering-unc3886-espionage-operations"
                },
                {
                    "source_name": "Emotet shutdown",
                    "description": "The DFIR Report. (2022, November 8). Emotet Strikes Again \u2013 LNK File Leads to Domain Wide Ransomware. Retrieved March 6, 2023.",
                    "url": "https://thedfirreport.com/2022/11/28/emotet-strikes-again-lnk-file-leads-to-domain-wide-ransomware/"
                }
            ],
            "object_marking_refs": [
                "marking-definition--fa42a846-8d90-4e51-bc29-71d5b4802168"
            ]
        }
    ]
}