{
    "type": "bundle",
    "id": "bundle--51a37ef3-9433-403e-85b2-3b79f91240d8",
    "spec_version": "2.0",
    "objects": [
        {
            "x_mitre_platforms": [
                "Network"
            ],
            "x_mitre_domains": [
                "enterprise-attack"
            ],
            "object_marking_refs": [
                "marking-definition--fa42a846-8d90-4e51-bc29-71d5b4802168"
            ],
            "type": "attack-pattern",
            "id": "attack-pattern--818302b2-d640-477b-bf88-873120ce85c4",
            "created": "2020-10-20T00:09:33.072Z",
            "x_mitre_version": "1.1",
            "external_references": [
                {
                    "source_name": "mitre-attack",
                    "external_id": "T1059.008",
                    "url": "https://attack.mitre.org/techniques/T1059/008"
                },
                {
                    "source_name": "Cisco IOS Software Integrity Assurance - Command History",
                    "url": "https://tools.cisco.com/security/center/resources/integrity_assurance.html#23",
                    "description": "Cisco. (n.d.). Cisco IOS Software Integrity Assurance - Command History. Retrieved October 21, 2020."
                },
                {
                    "source_name": "Cisco Synful Knock Evolution",
                    "url": "https://blogs.cisco.com/security/evolution-of-attacks-on-cisco-ios-devices",
                    "description": "Graham Holmes. (2015, October 8). Evolution of attacks on Cisco IOS devices. Retrieved October 19, 2020."
                }
            ],
            "x_mitre_deprecated": false,
            "revoked": false,
            "description": "Adversaries may abuse scripting or built-in command line interpreters (CLI) on network devices to execute malicious command and payloads. The CLI is the primary means through which users and administrators interact with the device in order to view system information, modify device operations, or perform diagnostic and administrative functions. CLIs typically contain various permission levels required for different commands. \n\nScripting interpreters automate tasks and extend functionality beyond the command set included in the network OS. The CLI and scripting interpreter are accessible through a direct console connection, or through remote means, such as telnet or [SSH](https://attack.mitre.org/techniques/T1021/004).\n\nAdversaries can use the network CLI to change how network devices behave and operate. The CLI may be used to manipulate traffic flows to intercept or manipulate data, modify startup configuration parameters to load malicious system software, or to disable security features or logging to avoid detection.(Citation: Cisco Synful Knock Evolution)",
            "modified": "2022-04-19T20:28:09.848Z",
            "created_by_ref": "identity--c78cb6e5-0c4b-4611-8297-d1b8b55e40b5",
            "name": "Network Device CLI",
            "x_mitre_detection": "Consider reviewing command history in either the console or as part of the running memory to determine if unauthorized or suspicious commands were used to modify device configuration.(Citation: Cisco IOS Software Integrity Assurance - Command History)\n\nConsider comparing a copy of the network device configuration against a known-good version to discover unauthorized changes to the command interpreter. The same process can be accomplished through a comparison of the run-time memory, though this is non-trivial and may require assistance from the vendor.",
            "kill_chain_phases": [
                {
                    "kill_chain_name": "mitre-attack",
                    "phase_name": "execution"
                }
            ],
            "x_mitre_is_subtechnique": true,
            "x_mitre_data_sources": [
                "Command: Command Execution"
            ],
            "x_mitre_remote_support": true,
            "x_mitre_attack_spec_version": "2.1.0",
            "x_mitre_modified_by_ref": "identity--c78cb6e5-0c4b-4611-8297-d1b8b55e40b5"
        }
    ]
}