{
    "type": "bundle",
    "id": "bundle--780fd961-b1d3-48c0-9a99-016511fade01",
    "spec_version": "2.0",
    "objects": [
        {
            "modified": "2024-09-17T19:49:11.455Z",
            "name": "Steal or Forge Kerberos Tickets",
            "description": "Adversaries may attempt to subvert Kerberos authentication by stealing or forging Kerberos tickets to enable [Pass the Ticket](https://attack.mitre.org/techniques/T1550/003). Kerberos is an authentication protocol widely used in modern Windows domain environments. In Kerberos environments, referred to as \u201crealms\u201d, there are three basic participants: client, service, and Key Distribution Center (KDC).(Citation: ADSecurity Kerberos Ring Decoder) Clients request access to a service and through the exchange of Kerberos tickets, originating from KDC, they are granted access after having successfully authenticated. The KDC is responsible for both authentication and ticket granting.  Adversaries may attempt to abuse Kerberos by stealing tickets or forging tickets to enable unauthorized access.\n\nOn Windows, the built-in <code>klist</code> utility can be used to list and analyze cached Kerberos tickets.(Citation: Microsoft Klist)\n",
            "kill_chain_phases": [
                {
                    "kill_chain_name": "mitre-attack",
                    "phase_name": "credential-access"
                }
            ],
            "x_mitre_contributors": [
                "Tim (Wadhwa-)Brown",
                "Cody Thomas, SpecterOps"
            ],
            "x_mitre_deprecated": false,
            "x_mitre_detection": "Monitor for anomalous Kerberos activity, such as malformed or blank fields in Windows logon/logoff events (Event ID 4624, 4672, 4634), RC4 encryption within ticket granting tickets (TGTs), and ticket granting service (TGS) requests without preceding TGT requests.(Citation: ADSecurity Detecting Forged Tickets)(Citation: Stealthbits Detect PtT 2019)(Citation: CERT-EU Golden Ticket Protection)\n\nMonitor the lifetime of TGT tickets for values that differ from the default domain duration.(Citation: Microsoft Kerberos Golden Ticket)\n\nMonitor for indications of [Pass the Ticket](https://attack.mitre.org/techniques/T1550/003) being used to move laterally. \n\nEnable Audit Kerberos Service Ticket Operations to log Kerberos TGS service ticket requests. Particularly investigate irregular patterns of activity (ex: accounts making numerous requests, Event ID 4769, within a small time frame, especially if they also request RC4 encryption [Type 0x17]).(Citation: Microsoft Detecting Kerberoasting Feb 2018) (Citation: AdSecurity Cracking Kerberos Dec 2015)\n\nMonitor for unexpected processes interacting with lsass.exe.(Citation: Medium Detecting Attempts to Steal Passwords from Memory) Common credential dumpers such as [Mimikatz](https://attack.mitre.org/software/S0002) access the LSA Subsystem Service (LSASS) process by opening the process, locating the LSA secrets key, and decrypting the sections in memory where credential details, including Kerberos tickets, are stored.\n\nMonitor for unusual processes accessing\u00a0<code>secrets.ldb</code> and <code>.secrets.mkey</code> located in <code>/var/lib/sss/secrets/</code>.",
            "x_mitre_domains": [
                "enterprise-attack"
            ],
            "x_mitre_is_subtechnique": false,
            "x_mitre_platforms": [
                "Windows",
                "Linux",
                "macOS"
            ],
            "x_mitre_version": "1.6",
            "x_mitre_data_sources": [
                "Command: Command Execution",
                "Logon Session: Logon Session Metadata",
                "Active Directory: Active Directory Credential Request",
                "File: File Access"
            ],
            "x_mitre_system_requirements": [
                "Kerberos authentication enabled"
            ],
            "type": "attack-pattern",
            "id": "attack-pattern--3fc01293-ef5e-41c6-86ce-61f10706b64a",
            "created": "2020-02-11T19:12:46.830Z",
            "created_by_ref": "identity--c78cb6e5-0c4b-4611-8297-d1b8b55e40b5",
            "revoked": false,
            "external_references": [
                {
                    "source_name": "mitre-attack",
                    "url": "https://attack.mitre.org/techniques/T1558",
                    "external_id": "T1558"
                },
                {
                    "source_name": "CERT-EU Golden Ticket Protection",
                    "description": "Abolins, D., Boldea, C., Socha, K., Soria-Machado, M. (2016, April 26). Kerberos Golden Ticket Protection. Retrieved July 13, 2017.",
                    "url": "https://cert.europa.eu/static/WhitePapers/UPDATED%20-%20CERT-EU_Security_Whitepaper_2014-007_Kerberos_Golden_Ticket_Protection_v1_4.pdf"
                },
                {
                    "source_name": "Microsoft Detecting Kerberoasting Feb 2018",
                    "description": "Bani, M. (2018, February 23). Detecting Kerberoasting activity using Azure Security Center. Retrieved March 23, 2018.",
                    "url": "https://blogs.technet.microsoft.com/motiba/2018/02/23/detecting-kerberoasting-activity-using-azure-security-center/"
                },
                {
                    "source_name": "Medium Detecting Attempts to Steal Passwords from Memory",
                    "description": "French, D. (2018, October 2). Detecting Attempts to Steal Passwords from Memory. Retrieved October 11, 2019.",
                    "url": "https://medium.com/threatpunter/detecting-attempts-to-steal-passwords-from-memory-558f16dce4ea"
                },
                {
                    "source_name": "Stealthbits Detect PtT 2019",
                    "description": "Jeff Warren. (2019, February 19). How to Detect Pass-the-Ticket Attacks. Retrieved February 27, 2020.",
                    "url": "https://blog.stealthbits.com/detect-pass-the-ticket-attacks"
                },
                {
                    "source_name": "AdSecurity Cracking Kerberos Dec 2015",
                    "description": "Metcalf, S. (2015, December 31). Cracking Kerberos TGS Tickets Using Kerberoast \u2013 Exploiting Kerberos to Compromise the Active Directory Domain. Retrieved March 22, 2018.",
                    "url": "https://adsecurity.org/?p=2293"
                },
                {
                    "source_name": "ADSecurity Detecting Forged Tickets",
                    "description": "Metcalf, S. (2015, May 03). Detecting Forged Kerberos Ticket (Golden Ticket & Silver Ticket) Use in Active Directory. Retrieved December 23, 2015.",
                    "url": "https://adsecurity.org/?p=1515"
                },
                {
                    "source_name": "Microsoft Kerberos Golden Ticket",
                    "description": "Microsoft. (2015, March 24). Kerberos Golden Ticket Check (Updated). Retrieved February 27, 2020.",
                    "url": "https://gallery.technet.microsoft.com/scriptcenter/Kerberos-Golden-Ticket-b4814285"
                },
                {
                    "source_name": "Microsoft Klist",
                    "description": "Microsoft. (2021, March 3). klist. Retrieved October 14, 2021.",
                    "url": "https://docs.microsoft.com/windows-server/administration/windows-commands/klist"
                },
                {
                    "source_name": "ADSecurity Kerberos Ring Decoder",
                    "description": "Sean Metcalf. (2014, September 12). Kerberos, Active Directory\u2019s Secret Decoder Ring. Retrieved February 27, 2020.",
                    "url": "https://adsecurity.org/?p=227"
                }
            ],
            "object_marking_refs": [
                "marking-definition--fa42a846-8d90-4e51-bc29-71d5b4802168"
            ],
            "x_mitre_attack_spec_version": "3.2.0",
            "x_mitre_modified_by_ref": "identity--c78cb6e5-0c4b-4611-8297-d1b8b55e40b5"
        }
    ]
}