{
    "type": "bundle",
    "id": "bundle--3326dc2b-51bc-4b59-ac06-4ecb7186c0d8",
    "spec_version": "2.0",
    "objects": [
        {
            "modified": "2024-10-16T20:10:38.450Z",
            "name": "Masquerading",
            "description": "Adversaries may attempt to manipulate features of their artifacts to make them appear legitimate or benign to users and/or security tools. Masquerading occurs when the name or location of an object, legitimate or malicious, is manipulated or abused for the sake of evading defenses and observation. This may include manipulating file metadata, tricking users into misidentifying the file type, and giving legitimate task or service names.\n\nRenaming abusable system utilities to evade security monitoring is also a form of [Masquerading](https://attack.mitre.org/techniques/T1036).(Citation: LOLBAS Main Site)",
            "kill_chain_phases": [
                {
                    "kill_chain_name": "mitre-attack",
                    "phase_name": "defense-evasion"
                }
            ],
            "x_mitre_contributors": [
                "Oleg Kolesnikov, Securonix",
                "Nick Carr, Mandiant",
                "David Lu, Tripwire",
                "Felipe Esp\u00f3sito, @Pr0teus",
                "Elastic",
                "Bartosz Jerzman",
                "Menachem Goldstein"
            ],
            "x_mitre_deprecated": false,
            "x_mitre_detection": "Collect file hashes; file names that do not match their expected hash are suspect. Perform file monitoring; files with known names but in unusual locations are suspect. Likewise, files that are modified outside of an update or patch are suspect.\n\nIf file names are mismatched between the file name on disk and that of the binary's PE metadata, this is a likely indicator that a binary was renamed after it was compiled. Collecting and comparing disk and resource filenames for binaries by looking to see if the InternalName, OriginalFilename, and/or ProductName match what is expected could provide useful leads, but may not always be indicative of malicious activity. (Citation: Elastic Masquerade Ball) Do not focus on the possible names a file could have, but instead on the command-line arguments that are known to be used and are distinct because it will have a better rate of detection.(Citation: Twitter ItsReallyNick Masquerading Update)\n\nLook for indications of common characters that may indicate an attempt to trick users into misidentifying the file type, such as a space as the last character of a file name or the right-to-left override characters\"\\u202E\", \"[U+202E]\", and \"%E2%80%AE\u201d.",
            "x_mitre_domains": [
                "enterprise-attack"
            ],
            "x_mitre_is_subtechnique": false,
            "x_mitre_platforms": [
                "Linux",
                "macOS",
                "Windows",
                "Containers"
            ],
            "x_mitre_version": "1.7",
            "x_mitre_data_sources": [
                "File: File Modification",
                "Process: Process Metadata",
                "Service: Service Creation",
                "Service: Service Metadata",
                "Process: Process Creation",
                "Image: Image Metadata",
                "Scheduled Job: Scheduled Job Metadata",
                "User Account: User Account Creation",
                "File: File Metadata",
                "Scheduled Job: Scheduled Job Modification",
                "Command: Command Execution",
                "Process: OS API Execution"
            ],
            "x_mitre_defense_bypassed": [
                "Application Control"
            ],
            "type": "attack-pattern",
            "id": "attack-pattern--42e8de7b-37b2-4258-905a-6897815e58e0",
            "created": "2017-05-31T21:30:38.511Z",
            "created_by_ref": "identity--c78cb6e5-0c4b-4611-8297-d1b8b55e40b5",
            "revoked": false,
            "external_references": [
                {
                    "source_name": "mitre-attack",
                    "url": "https://attack.mitre.org/techniques/T1036",
                    "external_id": "T1036"
                },
                {
                    "source_name": "Twitter ItsReallyNick Masquerading Update",
                    "description": "Carr, N.. (2018, October 25). Nick Carr Status Update Masquerading. Retrieved September 12, 2024.",
                    "url": "https://x.com/ItsReallyNick/status/1055321652777619457"
                },
                {
                    "source_name": "Elastic Masquerade Ball",
                    "description": "Ewing, P. (2016, October 31). How to Hunt: The Masquerade Ball. Retrieved October 31, 2016.",
                    "url": "https://www.elastic.co/blog/how-hunt-masquerade-ball"
                },
                {
                    "source_name": "LOLBAS Main Site",
                    "description": "LOLBAS. (n.d.). Living Off The Land Binaries and Scripts (and also Libraries). Retrieved February 10, 2020.",
                    "url": "https://lolbas-project.github.io/"
                }
            ],
            "object_marking_refs": [
                "marking-definition--fa42a846-8d90-4e51-bc29-71d5b4802168"
            ],
            "x_mitre_attack_spec_version": "3.2.0",
            "x_mitre_modified_by_ref": "identity--c78cb6e5-0c4b-4611-8297-d1b8b55e40b5"
        }
    ]
}