{
    "type": "bundle",
    "id": "bundle--0b36f111-4ac4-4169-8c01-8c6efe8dfcc1",
    "spec_version": "2.0",
    "objects": [
        {
            "x_mitre_platforms": [
                "Linux",
                "macOS"
            ],
            "x_mitre_domains": [
                "enterprise-attack"
            ],
            "object_marking_refs": [
                "marking-definition--fa42a846-8d90-4e51-bc29-71d5b4802168"
            ],
            "id": "attack-pattern--44dca04b-808d-46ca-b25f-d85236d4b9f8",
            "type": "attack-pattern",
            "created": "2017-12-14T16:46:06.044Z",
            "created_by_ref": "identity--c78cb6e5-0c4b-4611-8297-d1b8b55e40b5",
            "revoked": true,
            "external_references": [
                {
                    "source_name": "mitre-attack",
                    "external_id": "T1139",
                    "url": "https://attack.mitre.org/techniques/T1139"
                },
                {
                    "url": "http://www.slideshare.net/StephanBorosh/external-to-da-the-os-x-way",
                    "description": "Alex Rymdeko-Harvey, Steve Borosh. (2016, May 14). External to DA, the OS X Way. Retrieved July 3, 2017.",
                    "source_name": "External to DA, the OS X Way"
                }
            ],
            "modified": "2020-02-04T13:03:03.354Z",
            "name": "Bash History",
            "description": "Bash keeps track of the commands users type on the command-line with the \"history\" utility. Once a user logs out, the history is flushed to the user\u2019s <code>.bash_history</code> file. For each user, this file resides at the same location: <code>~/.bash_history</code>. Typically, this file keeps track of the user\u2019s last 500 commands. Users often type usernames and passwords on the command-line as parameters to programs, which then get saved to this file when they log out. Attackers can abuse this by looking through the file for potential credentials. (Citation: External to DA, the OS X Way)",
            "kill_chain_phases": [
                {
                    "kill_chain_name": "mitre-attack",
                    "phase_name": "credential-access"
                }
            ],
            "x_mitre_detection": "Monitoring when the user's <code>.bash_history</code> is read can help alert to suspicious activity. While users do typically rely on their history of commands, they often access this history through other utilities like \"history\" instead of commands like <code>cat ~/.bash_history</code>.",
            "x_mitre_version": "1.0",
            "x_mitre_modified_by_ref": "identity--c78cb6e5-0c4b-4611-8297-d1b8b55e40b5",
            "x_mitre_permissions_required": [
                "User"
            ],
            "x_mitre_is_subtechnique": false
        }
    ]
}