{
    "type": "bundle",
    "id": "bundle--07771273-ef19-48fd-9c11-313b3009e543",
    "spec_version": "2.0",
    "objects": [
        {
            "modified": "2024-09-12T15:50:18.047Z",
            "name": "System Checks",
            "description": "Adversaries may employ various system checks to detect and avoid virtualization and analysis environments. This may include changing behaviors based on the results of checks for the presence of artifacts indicative of a virtual machine environment (VME) or sandbox. If the adversary detects a VME, they may alter their malware to disengage from the victim or conceal the core functions of the implant. They may also search for VME artifacts before dropping secondary or additional payloads. Adversaries may use the information learned from [Virtualization/Sandbox Evasion](https://attack.mitre.org/techniques/T1497) during automated discovery to shape follow-on behaviors.(Citation: Deloitte Environment Awareness)\n\nSpecific checks will vary based on the target and/or adversary, but may involve behaviors such as [Windows Management Instrumentation](https://attack.mitre.org/techniques/T1047), [PowerShell](https://attack.mitre.org/techniques/T1059/001), [System Information Discovery](https://attack.mitre.org/techniques/T1082), and [Query Registry](https://attack.mitre.org/techniques/T1012) to obtain system information and search for VME artifacts. Adversaries may search for VME artifacts in memory, processes, file system, hardware, and/or the Registry. Adversaries may use scripting to automate these checks  into one script and then have the program exit if it determines the system to be a virtual environment. \n\nChecks could include generic system properties such as host/domain name and samples of network traffic. Adversaries may also check the network adapters addresses, CPU core count, and available memory/drive size. Once executed, malware may also use [File and Directory Discovery](https://attack.mitre.org/techniques/T1083) to check if it was saved in a folder or file with unexpected or even analysis-related naming artifacts such as `malware`, `sample`, or `hash`.\n\nOther common checks may enumerate services running that are unique to these applications, installed programs on the system, manufacturer/product fields for strings relating to virtual machine applications, and VME-specific hardware/processor instructions.(Citation: McAfee Virtual Jan 2017) In applications like VMWare, adversaries can also use a special I/O port to send commands and receive output. \n \nHardware checks, such as the presence of the fan, temperature, and audio devices, could also be used to gather evidence that can be indicative a virtual environment. Adversaries may also query for specific readings from these devices.(Citation: Unit 42 OilRig Sept 2018)",
            "kill_chain_phases": [
                {
                    "kill_chain_name": "mitre-attack",
                    "phase_name": "defense-evasion"
                },
                {
                    "kill_chain_name": "mitre-attack",
                    "phase_name": "discovery"
                }
            ],
            "x_mitre_contributors": [
                "Deloitte Threat Library Team",
                "Kostya Vasilkov"
            ],
            "x_mitre_deprecated": false,
            "x_mitre_detection": "Virtualization/sandbox related system checks will likely occur in the first steps of an operation but may also occur throughout as an adversary learns the environment. Data and events should not be viewed in isolation, but as part of a chain of behavior that could lead to other activities, such as lateral movement, based on the information obtained. Detecting actions related to virtualization and sandbox identification may be difficult depending on the adversary's implementation and monitoring required. Monitoring for suspicious processes being spawned that gather a variety of system information or perform other forms of Discovery, especially in a short period of time, may aid in detection.",
            "x_mitre_domains": [
                "enterprise-attack"
            ],
            "x_mitre_is_subtechnique": true,
            "x_mitre_platforms": [
                "Linux",
                "macOS",
                "Windows"
            ],
            "x_mitre_version": "2.2",
            "x_mitre_data_sources": [
                "Process: Process Creation",
                "Command: Command Execution",
                "Process: OS API Execution"
            ],
            "x_mitre_defense_bypassed": [
                "Static File Analysis",
                "Signature-based detection",
                "Host forensic analysis",
                "Anti-virus"
            ],
            "type": "attack-pattern",
            "id": "attack-pattern--29be378d-262d-4e99-b00d-852d573628e6",
            "created": "2020-03-06T20:57:37.959Z",
            "created_by_ref": "identity--c78cb6e5-0c4b-4611-8297-d1b8b55e40b5",
            "revoked": false,
            "external_references": [
                {
                    "source_name": "mitre-attack",
                    "url": "https://attack.mitre.org/techniques/T1497/001",
                    "external_id": "T1497.001"
                },
                {
                    "source_name": "Unit 42 OilRig Sept 2018",
                    "description": "Falcone, R., et al. (2018, September 04). OilRig Targets a Middle Eastern Government and Adds Evasion Techniques to OopsIE. Retrieved September 24, 2018.",
                    "url": "https://researchcenter.paloaltonetworks.com/2018/09/unit42-oilrig-targets-middle-eastern-government-adds-evasion-techniques-oopsie/"
                },
                {
                    "source_name": "McAfee Virtual Jan 2017",
                    "description": "Roccia, T. (2017, January 19). Stopping Malware With a Fake Virtual Machine. Retrieved April 17, 2019.",
                    "url": "https://securingtomorrow.mcafee.com/other-blogs/mcafee-labs/stopping-malware-fake-virtual-machine/"
                },
                {
                    "source_name": "Deloitte Environment Awareness",
                    "description": "Torello, A. & Guibernau, F. (n.d.). Environment Awareness. Retrieved September 13, 2024.",
                    "url": "https://drive.google.com/file/d/1t0jn3xr4ff2fR30oQAUn_RsWSnMpOAQc/edit"
                }
            ],
            "object_marking_refs": [
                "marking-definition--fa42a846-8d90-4e51-bc29-71d5b4802168"
            ],
            "x_mitre_attack_spec_version": "3.2.0",
            "x_mitre_modified_by_ref": "identity--c78cb6e5-0c4b-4611-8297-d1b8b55e40b5"
        }
    ]
}