{
    "type": "bundle",
    "id": "bundle--3ff4e68c-9143-443e-867c-9a869e8bfa91",
    "spec_version": "2.0",
    "objects": [
        {
            "modified": "2022-09-06T22:35:34.231Z",
            "name": "System Network Connections Discovery",
            "description": "Adversaries may attempt to get a listing of network connections to or from the compromised system they are currently accessing or from remote systems by querying for information over the network. \n\nAn adversary who gains access to a system that is part of a cloud-based environment may map out Virtual Private Clouds or Virtual Networks in order to determine what systems and services are connected. The actions performed are likely the same types of discovery techniques depending on the operating system, but the resulting information may include details about the networked cloud environment relevant to the adversary's goals. Cloud providers may have different ways in which their virtual networks operate.(Citation: Amazon AWS VPC Guide)(Citation: Microsoft Azure Virtual Network Overview)(Citation: Google VPC Overview) Similarly, adversaries who gain access to network devices may also perform similar discovery activities to gather information about connected systems and services.\n\nUtilities and commands that acquire this information include [netstat](https://attack.mitre.org/software/S0104), \"net use,\" and \"net session\" with [Net](https://attack.mitre.org/software/S0039). In Mac and Linux, [netstat](https://attack.mitre.org/software/S0104) and <code>lsof</code> can be used to list current connections. <code>who -a</code> and <code>w</code> can be used to show which users are currently logged in, similar to \"net session\". Additionally, built-in features native to network devices and [Network Device CLI](https://attack.mitre.org/techniques/T1059/008) may be used (e.g. <code>show ip sockets</code>, <code>show tcp brief</code>).(Citation: US-CERT-TA18-106A)",
            "kill_chain_phases": [
                {
                    "kill_chain_name": "mitre-attack",
                    "phase_name": "discovery"
                }
            ],
            "x_mitre_detection": "System and network discovery techniques normally occur throughout an operation as an adversary learns the environment. Data and events should not be viewed in isolation, but as part of a chain of behavior that could lead to other activities, such as Lateral Movement, based on the information obtained.\n\nMonitor processes and command-line arguments for actions that could be taken to gather system and network information. Remote access tools with built-in features may interact directly with the Windows API to gather information. Further, [Network Device CLI](https://attack.mitre.org/techniques/T1059/008) commands may also be used to gather system and network information with built-in features native to the network device platform.  Monitor CLI activity for unexpected or unauthorized use commands being run by non-standard users from non-standard locations. Information may also be acquired through Windows system management tools such as [Windows Management Instrumentation](https://attack.mitre.org/techniques/T1047) and [PowerShell](https://attack.mitre.org/techniques/T1059/001).",
            "x_mitre_platforms": [
                "Windows",
                "IaaS",
                "Linux",
                "macOS",
                "Network"
            ],
            "x_mitre_is_subtechnique": false,
            "x_mitre_deprecated": false,
            "x_mitre_domains": [
                "enterprise-attack"
            ],
            "x_mitre_version": "2.4",
            "x_mitre_contributors": [
                "Praetorian",
                "Austin Clark, @c2defense"
            ],
            "x_mitre_data_sources": [
                "Process: OS API Execution",
                "Process: Process Creation",
                "Command: Command Execution"
            ],
            "type": "attack-pattern",
            "id": "attack-pattern--7e150503-88e7-4861-866b-ff1ac82c4475",
            "created": "2017-05-31T21:30:45.139Z",
            "created_by_ref": "identity--c78cb6e5-0c4b-4611-8297-d1b8b55e40b5",
            "revoked": false,
            "external_references": [
                {
                    "source_name": "mitre-attack",
                    "url": "https://attack.mitre.org/techniques/T1049",
                    "external_id": "T1049"
                },
                {
                    "source_name": "Amazon AWS VPC Guide",
                    "description": "Amazon. (n.d.). What Is Amazon VPC?. Retrieved October 6, 2019.",
                    "url": "https://docs.aws.amazon.com/vpc/latest/userguide/what-is-amazon-vpc.html"
                },
                {
                    "source_name": "Microsoft Azure Virtual Network Overview",
                    "description": "Annamalai, N., Casey, C., Almeida, M., et. al.. (2019, June 18). What is Azure Virtual Network?. Retrieved October 6, 2019.",
                    "url": "https://docs.microsoft.com/en-us/azure/virtual-network/virtual-networks-overview"
                },
                {
                    "source_name": "Google VPC Overview",
                    "description": "Google. (2019, September 23). Virtual Private Cloud (VPC) network overview. Retrieved October 6, 2019.",
                    "url": "https://cloud.google.com/vpc/docs/vpc"
                },
                {
                    "source_name": "US-CERT-TA18-106A",
                    "description": "US-CERT. (2018, April 20). Alert (TA18-106A) Russian State-Sponsored Cyber Actors Targeting Network Infrastructure Devices. Retrieved October 19, 2020.",
                    "url": "https://www.us-cert.gov/ncas/alerts/TA18-106A"
                }
            ],
            "object_marking_refs": [
                "marking-definition--fa42a846-8d90-4e51-bc29-71d5b4802168"
            ],
            "x_mitre_attack_spec_version": "2.1.0",
            "x_mitre_modified_by_ref": "identity--c78cb6e5-0c4b-4611-8297-d1b8b55e40b5"
        }
    ]
}