{
    "type": "bundle",
    "id": "bundle--d288be5c-df1b-46b1-bd38-d5e6e677a10e",
    "spec_version": "2.0",
    "objects": [
        {
            "x_mitre_platforms": [
                "Windows"
            ],
            "x_mitre_domains": [
                "enterprise-attack"
            ],
            "x_mitre_contributors": [
                "Matthew Demaske, Adaptforward",
                "Travis Smith, Tripwire"
            ],
            "object_marking_refs": [
                "marking-definition--fa42a846-8d90-4e51-bc29-71d5b4802168"
            ],
            "id": "attack-pattern--39a130e1-6ab7-434a-8bd2-418e7d9d6427",
            "type": "attack-pattern",
            "created": "2017-05-31T21:30:49.119Z",
            "created_by_ref": "identity--c78cb6e5-0c4b-4611-8297-d1b8b55e40b5",
            "revoked": true,
            "external_references": [
                {
                    "source_name": "mitre-attack",
                    "external_id": "T1058",
                    "url": "https://attack.mitre.org/techniques/T1058"
                },
                {
                    "external_id": "CAPEC-478",
                    "source_name": "capec",
                    "url": "https://capec.mitre.org/data/definitions/478.html"
                },
                {
                    "url": "https://msdn.microsoft.com/library/windows/desktop/ms724878.aspx",
                    "description": "Microsoft. (n.d.). Registry Key Security and Access Rights. Retrieved March 16, 2017.",
                    "source_name": "MSDN Registry Key Security"
                },
                {
                    "source_name": "TrustedSignal Service Failure",
                    "url": "https://trustedsignal.blogspot.com/2014/05/kansa-service-related-collectors-and.html",
                    "description": "Hull, D. (2014, May 3). Kansa: Service related collectors and analysis. Retrieved October 10, 2019."
                },
                {
                    "url": "https://twitter.com/r0wdy_/status/936365549553991680",
                    "description": "The Cyber (@r0wdy_). (2017, November 30). Service Recovery Parameters. Retrieved April 9, 2018.",
                    "source_name": "Twitter Service Recovery Nov 2017"
                },
                {
                    "url": "https://technet.microsoft.com/en-us/sysinternals/bb963902",
                    "description": "Russinovich, M. (2016, January 4). Autoruns for Windows v13.51. Retrieved June 6, 2016.",
                    "source_name": "TechNet Autoruns"
                }
            ],
            "modified": "2020-03-19T15:12:13.034Z",
            "name": "Service Registry Permissions Weakness",
            "description": "Windows stores local service configuration information in the Registry under <code>HKLM\\SYSTEM\\CurrentControlSet\\Services</code>. The information stored under a service's Registry keys can be manipulated to modify a service's execution parameters through tools such as the service controller, sc.exe, [PowerShell](https://attack.mitre.org/techniques/T1086), or [Reg](https://attack.mitre.org/software/S0075). Access to Registry keys is controlled through Access Control Lists and permissions. (Citation: MSDN Registry Key Security)\n\nIf the permissions for users and groups are not properly set and allow access to the Registry keys for a service, then adversaries can change the service binPath/ImagePath to point to a different executable under their control. When the service starts or is restarted, then the adversary-controlled program will execute, allowing the adversary to gain persistence and/or privilege escalation to the account context the service is set to execute under (local/domain account, SYSTEM, LocalService, or NetworkService).\n\nAdversaries may also alter Registry keys associated with service failure parameters (such as <code>FailureCommand</code>) that may be executed in an elevated context anytime the service fails or is intentionally corrupted.(Citation: TrustedSignal Service Failure)(Citation: Twitter Service Recovery Nov 2017)",
            "kill_chain_phases": [
                {
                    "kill_chain_name": "mitre-attack",
                    "phase_name": "persistence"
                },
                {
                    "kill_chain_name": "mitre-attack",
                    "phase_name": "privilege-escalation"
                }
            ],
            "x_mitre_detection": "Service changes are reflected in the Registry. Modification to existing services should not occur frequently. If a service binary path or failure parameters are changed to values that are not typical for that service and does not correlate with software updates, then it may be due to malicious activity. Data and events should not be viewed in isolation, but as part of a chain of behavior that could lead to other activities, such as network connections made for Command and Control, learning details about the environment through Discovery, and Lateral Movement.\n\nTools such as Sysinternals Autoruns may also be used to detect system changes that could be attempts at persistence, including listing current service information. (Citation: TechNet Autoruns) Look for changes to services that do not correlate with known software, patch cycles, etc. Suspicious program execution through services may show up as outlier processes that have not been seen before when compared against historical data.\n\nMonitor processes and command-line arguments for actions that could be done to modify services. Remote access tools with built-in features may interact directly with the Windows API to perform these functions outside of typical system utilities. Services may also be changed through Windows system management tools such as [Windows Management Instrumentation](https://attack.mitre.org/techniques/T1047) and [PowerShell](https://attack.mitre.org/techniques/T1086), so additional logging may need to be configured to gather the appropriate data.",
            "x_mitre_version": "1.1",
            "x_mitre_modified_by_ref": "identity--c78cb6e5-0c4b-4611-8297-d1b8b55e40b5",
            "x_mitre_permissions_required": [
                "Administrator",
                "SYSTEM"
            ],
            "x_mitre_system_requirements": [
                "Ability to modify service values in the Registry"
            ],
            "x_mitre_effective_permissions": [
                "SYSTEM"
            ],
            "x_mitre_is_subtechnique": false
        }
    ]
}