{
    "type": "bundle",
    "id": "bundle--c3fc28a3-3f33-4650-ac5c-6d000a6e05ff",
    "spec_version": "2.0",
    "objects": [
        {
            "modified": "2024-09-25T20:50:34.876Z",
            "name": "Malicious File",
            "description": "An adversary may rely upon a user opening a malicious file in order to gain execution. Users may be subjected to social engineering to get them to open a file that will lead to code execution. This user action will typically be observed as follow-on behavior from [Spearphishing Attachment](https://attack.mitre.org/techniques/T1566/001). Adversaries may use several types of files that require a user to execute them, including .doc, .pdf, .xls, .rtf, .scr, .exe, .lnk, .pif, .cpl, and .reg.\n\nAdversaries may employ various forms of [Masquerading](https://attack.mitre.org/techniques/T1036) and [Obfuscated Files or Information](https://attack.mitre.org/techniques/T1027) to increase the likelihood that a user will open and successfully execute a malicious file. These methods may include using a familiar naming convention and/or password protecting the file and supplying instructions to a user on how to open it.(Citation: Password Protected Word Docs) \n\nWhile [Malicious File](https://attack.mitre.org/techniques/T1204/002) frequently occurs shortly after Initial Access it may occur at other phases of an intrusion, such as when an adversary places a file in a shared directory or on a user's desktop hoping that a user will click on it. This activity may also be seen shortly after [Internal Spearphishing](https://attack.mitre.org/techniques/T1534).",
            "kill_chain_phases": [
                {
                    "kill_chain_name": "mitre-attack",
                    "phase_name": "execution"
                }
            ],
            "x_mitre_contributors": [
                "TruKno"
            ],
            "x_mitre_deprecated": false,
            "x_mitre_detection": "Monitor the execution of and command-line arguments for applications that may be used by an adversary to gain initial access that require user interaction. This includes compression applications, such as those for zip files, that can be used to [Deobfuscate/Decode Files or Information](https://attack.mitre.org/techniques/T1140) in payloads.\n\nAnti-virus can potentially detect malicious documents and files that are downloaded and executed on the user's computer. Endpoint sensing or network sensing can potentially detect malicious events once the file is opened (such as a Microsoft Word document or PDF reaching out to the internet or spawning powershell.exe).",
            "x_mitre_domains": [
                "enterprise-attack"
            ],
            "x_mitre_is_subtechnique": true,
            "x_mitre_platforms": [
                "Linux",
                "macOS",
                "Windows"
            ],
            "x_mitre_version": "1.4",
            "x_mitre_data_sources": [
                "Process: Process Creation",
                "File: File Creation"
            ],
            "x_mitre_remote_support": false,
            "type": "attack-pattern",
            "id": "attack-pattern--232b7f21-adf9-4b42-b936-b9d6f7df856e",
            "created": "2020-03-11T14:49:36.954Z",
            "created_by_ref": "identity--c78cb6e5-0c4b-4611-8297-d1b8b55e40b5",
            "revoked": false,
            "external_references": [
                {
                    "source_name": "mitre-attack",
                    "url": "https://attack.mitre.org/techniques/T1204/002",
                    "external_id": "T1204.002"
                },
                {
                    "source_name": "Password Protected Word Docs",
                    "description": "Lawrence Abrams. (2017, July 12). PSA: Don't Open SPAM Containing Password Protected Word Docs. Retrieved January 5, 2022.",
                    "url": "https://www.bleepingcomputer.com/news/security/psa-dont-open-spam-containing-password-protected-word-docs/"
                }
            ],
            "object_marking_refs": [
                "marking-definition--fa42a846-8d90-4e51-bc29-71d5b4802168"
            ],
            "x_mitre_attack_spec_version": "3.2.0",
            "x_mitre_modified_by_ref": "identity--c78cb6e5-0c4b-4611-8297-d1b8b55e40b5"
        }
    ]
}