{
    "type": "bundle",
    "id": "bundle--71e93614-1df7-4c8e-bb51-8e3e6b4ad3eb",
    "spec_version": "2.0",
    "objects": [
        {
            "modified": "2023-03-30T21:01:53.857Z",
            "name": "Binary Padding",
            "description": "Adversaries may use binary padding to add junk data and change the on-disk representation of malware. This can be done without affecting the functionality or behavior of a binary, but can increase the size of the binary beyond what some security tools are capable of handling due to file size limitations. \n\nBinary padding effectively changes the checksum of the file and can also be used to avoid hash-based blocklists and static anti-virus signatures.(Citation: ESET OceanLotus) The padding used is commonly generated by a function to create junk data and then appended to the end or applied to sections of malware.(Citation: Securelist Malware Tricks April 2017) Increasing the file size may decrease the effectiveness of certain tools and detection capabilities that are not designed or configured to scan large files. This may also reduce the likelihood of being collected for analysis. Public file scanning services, such as VirusTotal, limits the maximum size of an uploaded file to be analyzed.(Citation: VirusTotal FAQ) ",
            "kill_chain_phases": [
                {
                    "kill_chain_name": "mitre-attack",
                    "phase_name": "defense-evasion"
                }
            ],
            "x_mitre_contributors": [
                "Martin Jirkal, ESET"
            ],
            "x_mitre_detection": "Depending on the method used to pad files, a file-based signature may be capable of detecting padding using a scanning or on-access based tool.  When executed, the resulting process from padded files may also exhibit other behavior characteristics of being used to conduct an intrusion such as system and network information Discovery or Lateral Movement, which could be used as event indicators that point to the source file. ",
            "x_mitre_domains": [
                "enterprise-attack"
            ],
            "x_mitre_is_subtechnique": true,
            "x_mitre_modified_by_ref": "identity--c78cb6e5-0c4b-4611-8297-d1b8b55e40b5",
            "x_mitre_platforms": [
                "Linux",
                "macOS",
                "Windows"
            ],
            "x_mitre_version": "1.2",
            "x_mitre_data_sources": [
                "File: File Metadata"
            ],
            "x_mitre_defense_bypassed": [
                "Anti-virus",
                "Signature-based detection"
            ],
            "type": "attack-pattern",
            "id": "attack-pattern--5bfccc3f-2326-4112-86cc-c1ece9d8a2b5",
            "created": "2020-02-05T14:04:25.865Z",
            "created_by_ref": "identity--c78cb6e5-0c4b-4611-8297-d1b8b55e40b5",
            "external_references": [
                {
                    "source_name": "mitre-attack",
                    "url": "https://attack.mitre.org/techniques/T1027/001",
                    "external_id": "T1027.001"
                },
                {
                    "source_name": "ESET OceanLotus",
                    "description": "Folt\u00fdn, T. (2018, March 13). OceanLotus ships new backdoor using old tricks. Retrieved May 22, 2018.",
                    "url": "https://www.welivesecurity.com/2018/03/13/oceanlotus-ships-new-backdoor/"
                },
                {
                    "source_name": "Securelist Malware Tricks April 2017",
                    "description": "Ishimaru, S.. (2017, April 13). Old Malware Tricks To Bypass Detection in the Age of Big Data. Retrieved May 30, 2019.",
                    "url": "https://securelist.com/old-malware-tricks-to-bypass-detection-in-the-age-of-big-data/78010/"
                },
                {
                    "source_name": "VirusTotal FAQ",
                    "description": "VirusTotal. (n.d.). VirusTotal FAQ. Retrieved May 23, 2019.",
                    "url": "https://www.virustotal.com/en/faq/"
                }
            ],
            "object_marking_refs": [
                "marking-definition--fa42a846-8d90-4e51-bc29-71d5b4802168"
            ],
            "x_mitre_attack_spec_version": "3.1.0"
        }
    ]
}