{
    "type": "bundle",
    "id": "bundle--771e84ef-2629-4fe6-90e6-144bb52669ca",
    "spec_version": "2.0",
    "objects": [
        {
            "modified": "2024-09-12T19:18:36.583Z",
            "name": "Artificial Intelligence",
            "description": "Adversaries may obtain access to generative artificial intelligence tools, such as large language models (LLMs), to aid various techniques during targeting. These tools may be used to inform, bolster, and enable a variety of malicious tasks including conducting [Reconnaissance](https://attack.mitre.org/tactics/TA0043), creating basic scripts, assisting social engineering, and even developing payloads.(Citation: MSFT-AI)\n\nFor example, by utilizing a publicly available LLM an adversary is essentially outsourcing or automating certain tasks to the tool. Using AI, the adversary may draft and generate content in a variety of written languages to be used in [Phishing](https://attack.mitre.org/techniques/T1566)/[Phishing for Information](https://attack.mitre.org/techniques/T1598) campaigns. The same publicly available tool may further enable vulnerability or other offensive research supporting [Develop Capabilities](https://attack.mitre.org/techniques/T1587). AI tools may also automate technical tasks by generating, refining, or otherwise enhancing (e.g., [Obfuscated Files or Information](https://attack.mitre.org/techniques/T1027)) malicious scripts and payloads.(Citation: OpenAI-CTI)\n",
            "kill_chain_phases": [
                {
                    "kill_chain_name": "mitre-attack",
                    "phase_name": "resource-development"
                }
            ],
            "x_mitre_deprecated": false,
            "x_mitre_detection": "",
            "x_mitre_domains": [
                "enterprise-attack"
            ],
            "x_mitre_is_subtechnique": true,
            "x_mitre_platforms": [
                "PRE"
            ],
            "x_mitre_version": "1.0",
            "type": "attack-pattern",
            "id": "attack-pattern--0cc222f5-c3ff-48e6-9f52-3314baf9d37e",
            "created": "2024-03-11T13:37:31.836Z",
            "created_by_ref": "identity--c78cb6e5-0c4b-4611-8297-d1b8b55e40b5",
            "revoked": false,
            "external_references": [
                {
                    "source_name": "mitre-attack",
                    "url": "https://attack.mitre.org/techniques/T1588/007",
                    "external_id": "T1588.007"
                },
                {
                    "source_name": "MSFT-AI",
                    "description": "Microsoft Threat Intelligence. (2024, February 14). Staying ahead of threat actors in the age of AI. Retrieved March 11, 2024.",
                    "url": "https://www.microsoft.com/en-us/security/blog/2024/02/14/staying-ahead-of-threat-actors-in-the-age-of-ai/"
                },
                {
                    "source_name": "OpenAI-CTI",
                    "description": "OpenAI. (2024, February 14). Disrupting malicious uses of AI by state-affiliated threat actors. Retrieved September 12, 2024.",
                    "url": "https://openai.com/index/disrupting-malicious-uses-of-ai-by-state-affiliated-threat-actors/"
                }
            ],
            "object_marking_refs": [
                "marking-definition--fa42a846-8d90-4e51-bc29-71d5b4802168"
            ],
            "x_mitre_attack_spec_version": "3.2.0",
            "x_mitre_modified_by_ref": "identity--c78cb6e5-0c4b-4611-8297-d1b8b55e40b5"
        }
    ]
}