{
    "type": "bundle",
    "id": "bundle--ca78736d-6016-4b91-bd01-7b1aaf2038a7",
    "spec_version": "2.0",
    "objects": [
        {
            "x_mitre_platforms": [
                "Windows"
            ],
            "x_mitre_domains": [
                "enterprise-attack"
            ],
            "object_marking_refs": [
                "marking-definition--fa42a846-8d90-4e51-bc29-71d5b4802168"
            ],
            "id": "attack-pattern--1c338d0f-a65e-4073-a5c1-c06878849f21",
            "type": "attack-pattern",
            "created": "2017-05-31T21:31:09.815Z",
            "created_by_ref": "identity--c78cb6e5-0c4b-4611-8297-d1b8b55e40b5",
            "revoked": true,
            "external_references": [
                {
                    "source_name": "mitre-attack",
                    "external_id": "T1093",
                    "url": "https://attack.mitre.org/techniques/T1093"
                },
                {
                    "url": "http://www.autosectools.com/process-hollowing.pdf",
                    "description": "Leitch, J. (n.d.). Process Hollowing. Retrieved November 12, 2014.",
                    "source_name": "Leitch Hollowing"
                },
                {
                    "url": "https://www.endgame.com/blog/technical-blog/ten-process-injection-techniques-technical-survey-common-and-trending-process",
                    "description": "Hosseini, A. (2017, July 18). Ten Process Injection Techniques: A Technical Survey Of Common And Trending Process Injection Techniques. Retrieved December 7, 2017.",
                    "source_name": "Elastic Process Injection July 2017"
                }
            ],
            "modified": "2020-11-10T18:29:30.437Z",
            "name": "Process Hollowing",
            "description": "Process hollowing occurs when a process is created in a suspended state then its memory is unmapped and replaced with malicious code. Similar to [Process Injection](https://attack.mitre.org/techniques/T1055), execution of the malicious code is masked under a legitimate process and may evade defenses and detection analysis. (Citation: Leitch Hollowing) (Citation: Elastic Process Injection July 2017)",
            "kill_chain_phases": [
                {
                    "kill_chain_name": "mitre-attack",
                    "phase_name": "defense-evasion"
                }
            ],
            "x_mitre_detection": "Monitoring API calls may generate a significant amount of data and may not be directly useful for defense unless collected under specific circumstances for known bad sequences of calls, since benign use of API functions may be common and difficult to distinguish from malicious behavior. API calls that unmap process memory, such as ZwUnmapViewOfSection or NtUnmapViewOfSection, and those that can be used to modify memory within another process, such as WriteProcessMemory, may be used for this technique. (Citation: Elastic Process Injection July 2017)\n\nAnalyze process behavior to determine if a process is performing actions it usually does not, such as opening network connections, reading files, or other suspicious actions that could relate to post-compromise behavior.",
            "x_mitre_version": "1.0",
            "x_mitre_modified_by_ref": "identity--c78cb6e5-0c4b-4611-8297-d1b8b55e40b5",
            "x_mitre_defense_bypassed": [
                "Process whitelisting",
                "Whitelisting by file name or path",
                "Signature-based detection",
                "Anti-virus"
            ],
            "x_mitre_permissions_required": [
                "User"
            ],
            "x_mitre_is_subtechnique": false
        }
    ]
}