{
    "type": "bundle",
    "id": "bundle--ead99c9b-d8df-4e37-aaba-87fc5c3840a2",
    "spec_version": "2.0",
    "objects": [
        {
            "x_mitre_platforms": [
                "Windows"
            ],
            "x_mitre_domains": [
                "enterprise-attack"
            ],
            "object_marking_refs": [
                "marking-definition--fa42a846-8d90-4e51-bc29-71d5b4802168"
            ],
            "id": "attack-pattern--5095a853-299c-4876-abd7-ac0050fb5462",
            "type": "attack-pattern",
            "created": "2020-01-24T17:16:11.806Z",
            "created_by_ref": "identity--c78cb6e5-0c4b-4611-8297-d1b8b55e40b5",
            "external_references": [
                {
                    "source_name": "mitre-attack",
                    "external_id": "T1547.005",
                    "url": "https://attack.mitre.org/techniques/T1547/005"
                },
                {
                    "url": "http://docplayer.net/20839173-Analysis-of-malicious-security-support-provider-dlls.html",
                    "description": "Graeber, M. (2014, October). Analysis of Malicious Security Support Provider DLLs. Retrieved March 1, 2017.",
                    "source_name": "Graeber 2014"
                },
                {
                    "url": "https://technet.microsoft.com/en-us/library/dn408187.aspx",
                    "description": "Microsoft. (2013, July 31). Configuring Additional LSA Protection. Retrieved June 24, 2015.",
                    "source_name": "Microsoft Configure LSA"
                }
            ],
            "modified": "2020-03-25T15:42:48.910Z",
            "name": "Security Support Provider",
            "description": "Adversaries may abuse security support providers (SSPs) to execute DLLs when the system boots. Windows SSP DLLs are loaded into the Local Security Authority (LSA) process at system start. Once loaded into the LSA, SSP DLLs have access to encrypted and plaintext passwords that are stored in Windows, such as any logged-on user's Domain password or smart card PINs.\n\nThe SSP configuration is stored in two Registry keys: <code>HKLM\\SYSTEM\\CurrentControlSet\\Control\\Lsa\\Security Packages</code> and <code>HKLM\\SYSTEM\\CurrentControlSet\\Control\\Lsa\\OSConfig\\Security Packages</code>. An adversary may modify these Registry keys to add new SSPs, which will be loaded the next time the system boots, or when the AddSecurityPackage Windows API function is called.(Citation: Graeber 2014)",
            "kill_chain_phases": [
                {
                    "kill_chain_name": "mitre-attack",
                    "phase_name": "persistence"
                },
                {
                    "kill_chain_name": "mitre-attack",
                    "phase_name": "privilege-escalation"
                }
            ],
            "x_mitre_detection": "Monitor the Registry for changes to the SSP Registry keys. Monitor the LSA process for DLL loads. Windows 8.1 and Windows Server 2012 R2 may generate events when unsigned SSP DLLs try to load into the LSA by setting the Registry key <code>HKLM\\SOFTWARE\\Microsoft\\Windows NT\\CurrentVersion\\Image File Execution Options\\LSASS.exe</code> with AuditLevel = 8. (Citation: Graeber 2014) (Citation: Microsoft Configure LSA)",
            "x_mitre_is_subtechnique": true,
            "x_mitre_version": "1.0",
            "x_mitre_modified_by_ref": "identity--c78cb6e5-0c4b-4611-8297-d1b8b55e40b5",
            "x_mitre_data_sources": [
                "Command: Command Execution",
                "Module: Module Load",
                "Windows Registry: Windows Registry Key Modification"
            ],
            "x_mitre_permissions_required": [
                "Administrator"
            ]
        }
    ]
}