{
    "type": "bundle",
    "id": "bundle--e9c0b3a2-3f5c-4b1c-837e-1c26e4a6ec9c",
    "spec_version": "2.0",
    "objects": [
        {
            "x_mitre_platforms": [
                "macOS",
                "Windows"
            ],
            "x_mitre_domains": [
                "enterprise-attack"
            ],
            "object_marking_refs": [
                "marking-definition--fa42a846-8d90-4e51-bc29-71d5b4802168"
            ],
            "id": "attack-pattern--1b84d551-6de8-4b96-9930-d177677c3b1d",
            "type": "attack-pattern",
            "created": "2017-05-31T21:31:26.474Z",
            "created_by_ref": "identity--c78cb6e5-0c4b-4611-8297-d1b8b55e40b5",
            "revoked": true,
            "external_references": [
                {
                    "source_name": "mitre-attack",
                    "external_id": "T1116",
                    "url": "https://attack.mitre.org/techniques/T1116"
                },
                {
                    "url": "https://en.wikipedia.org/wiki/Code_signing",
                    "description": "Wikipedia. (2015, November 10). Code Signing. Retrieved March 31, 2016.",
                    "source_name": "Wikipedia Code Signing"
                },
                {
                    "url": "http://www.thesafemac.com/new-signed-malware-called-janicab/",
                    "description": "Thomas. (2013, July 15). New signed malware called Janicab. Retrieved July 17, 2017.",
                    "source_name": "Janicab"
                },
                {
                    "url": "https://securelist.com/why-you-shouldnt-completely-trust-files-signed-with-digital-certificates/68593/",
                    "description": "Ladikov, A. (2015, January 29). Why You Shouldn\u2019t Completely Trust Files Signed with Digital Certificates. Retrieved March 31, 2016.",
                    "source_name": "Securelist Digital Certificates"
                },
                {
                    "url": "http://www.symantec.com/connect/blogs/how-attackers-steal-private-keys-digital-certificates",
                    "description": "Shinotsuka, H. (2013, February 22). How Attackers Steal Private Keys from Digital Certificates. Retrieved March 31, 2016.",
                    "source_name": "Symantec Digital Certificates"
                }
            ],
            "modified": "2020-02-05T18:59:28.671Z",
            "name": "Code Signing",
            "description": "Code signing provides a level of authenticity on a binary from the developer and a guarantee that the binary has not been tampered with. (Citation: Wikipedia Code Signing) However, adversaries are known to use code signing certificates to masquerade malware and tools as legitimate binaries (Citation: Janicab). The certificates used during an operation may be created, forged, or stolen by the adversary. (Citation: Securelist Digital Certificates) (Citation: Symantec Digital Certificates)\n\nCode signing to verify software on first run can be used on modern Windows and macOS/OS X systems. It is not used on Linux due to the decentralized nature of the platform. (Citation: Wikipedia Code Signing)\n\nCode signing certificates may be used to bypass security policies that require signed code to execute on a system.",
            "kill_chain_phases": [
                {
                    "kill_chain_name": "mitre-attack",
                    "phase_name": "defense-evasion"
                }
            ],
            "x_mitre_detection": "Collect and analyze signing certificate metadata on software that executes within the environment to look for unusual certificate characteristics and outliers.",
            "x_mitre_version": "1.0",
            "x_mitre_modified_by_ref": "identity--c78cb6e5-0c4b-4611-8297-d1b8b55e40b5",
            "x_mitre_defense_bypassed": [
                "Windows User Account Control"
            ],
            "x_mitre_is_subtechnique": false
        }
    ]
}