{
    "type": "bundle",
    "id": "bundle--1dce6d96-35e1-46c3-a18f-24d75f6eea54",
    "spec_version": "2.0",
    "objects": [
        {
            "modified": "2023-04-12T23:54:39.466Z",
            "name": "Data from Local System",
            "description": "Adversaries may search local system sources, such as file systems and configuration files or local databases, to find files of interest and sensitive data prior to Exfiltration.\n\nAdversaries may do this using a [Command and Scripting Interpreter](https://attack.mitre.org/techniques/T1059), such as [cmd](https://attack.mitre.org/software/S0106) as well as a [Network Device CLI](https://attack.mitre.org/techniques/T1059/008), which have functionality to interact with the file system to gather information.(Citation: show_run_config_cmd_cisco) Adversaries may also use [Automated Collection](https://attack.mitre.org/techniques/T1119) on the local system.\n",
            "kill_chain_phases": [
                {
                    "kill_chain_name": "mitre-attack",
                    "phase_name": "collection"
                }
            ],
            "x_mitre_contributors": [
                "William Cain",
                "Austin Clark, @c2defense"
            ],
            "x_mitre_deprecated": false,
            "x_mitre_detection": "Monitor processes and command-line arguments for actions that could be taken to collect files from a system. Remote access tools with built-in features may interact directly with the Windows API to gather data. Further, [Network Device CLI](https://attack.mitre.org/techniques/T1059/008) commands may also be used to collect files such as configuration files with built-in features native to the network device platform.(Citation: Mandiant APT41 Global Intrusion )(Citation: US-CERT-TA18-106A) Monitor CLI activity for unexpected or unauthorized use commands being run by non-standard users from non-standard locations. Data may also be acquired through Windows system management tools such as [Windows Management Instrumentation](https://attack.mitre.org/techniques/T1047) and [PowerShell](https://attack.mitre.org/techniques/T1059/001).\n\nFor network infrastructure devices, collect AAA logging to monitor `show` commands that view configuration files. ",
            "x_mitre_domains": [
                "enterprise-attack"
            ],
            "x_mitre_is_subtechnique": false,
            "x_mitre_platforms": [
                "Linux",
                "macOS",
                "Windows",
                "Network"
            ],
            "x_mitre_version": "1.6",
            "x_mitre_data_sources": [
                "Process: OS API Execution",
                "Script: Script Execution",
                "Command: Command Execution",
                "Process: Process Creation",
                "File: File Access"
            ],
            "x_mitre_system_requirements": [
                "Privileges to access certain files and directories"
            ],
            "type": "attack-pattern",
            "id": "attack-pattern--3c4a2599-71ee-4405-ba1e-0e28414b4bc5",
            "created": "2017-05-31T21:30:20.537Z",
            "created_by_ref": "identity--c78cb6e5-0c4b-4611-8297-d1b8b55e40b5",
            "revoked": false,
            "external_references": [
                {
                    "source_name": "mitre-attack",
                    "url": "https://attack.mitre.org/techniques/T1005",
                    "external_id": "T1005"
                },
                {
                    "source_name": "show_run_config_cmd_cisco",
                    "description": "Cisco. (2022, August 16). show running-config - Cisco IOS Configuration Fundamentals Command Reference . Retrieved July 13, 2022.",
                    "url": "https://www.cisco.com/c/en/us/td/docs/ios-xml/ios/fundamentals/command/cf_command_ref/show_protocols_through_showmon.html#wp2760878733"
                },
                {
                    "source_name": "Mandiant APT41 Global Intrusion ",
                    "description": "Gyler, C.,Perez D.,Jones, S.,Miller, S.. (2021, February 25). This is Not a Test: APT41 Initiates Global Intrusion Campaign Using Multiple Exploits. Retrieved February 17, 2022.",
                    "url": "https://www.mandiant.com/resources/apt41-initiates-global-intrusion-campaign-using-multiple-exploits"
                },
                {
                    "source_name": "US-CERT-TA18-106A",
                    "description": "US-CERT. (2018, April 20). Alert (TA18-106A) Russian State-Sponsored Cyber Actors Targeting Network Infrastructure Devices. Retrieved October 19, 2020.",
                    "url": "https://www.us-cert.gov/ncas/alerts/TA18-106A"
                }
            ],
            "object_marking_refs": [
                "marking-definition--fa42a846-8d90-4e51-bc29-71d5b4802168"
            ],
            "x_mitre_attack_spec_version": "3.1.0",
            "x_mitre_modified_by_ref": "identity--c78cb6e5-0c4b-4611-8297-d1b8b55e40b5"
        }
    ]
}