{
    "type": "bundle",
    "id": "bundle--d62b2fa6-e15b-4818-8fe2-1a3df46822ce",
    "spec_version": "2.0",
    "objects": [
        {
            "modified": "2024-10-15T16:03:06.294Z",
            "name": "Permission Groups Discovery",
            "description": "Adversaries may attempt to discover group and permission settings. This information can help adversaries determine which user accounts and groups are available, the membership of users in particular groups, and which users and groups have elevated permissions.\n\nAdversaries may attempt to discover group permission settings in many different ways. This data may provide the adversary with information about the compromised environment that can be used in follow-on activity and targeting.(Citation: CrowdStrike BloodHound April 2018)",
            "kill_chain_phases": [
                {
                    "kill_chain_name": "mitre-attack",
                    "phase_name": "discovery"
                }
            ],
            "x_mitre_contributors": [
                "Daniel Prizmant, Palo Alto Networks",
                "Yuval Avrahami, Palo Alto Networks",
                "Microsoft Threat Intelligence Center (MSTIC)"
            ],
            "x_mitre_deprecated": false,
            "x_mitre_detection": "System and network discovery techniques normally occur throughout an operation as an adversary learns the environment. Data and events should not be viewed in isolation, but as part of a chain of behavior that could lead to other activities, such as Lateral Movement, based on the information obtained.\n\nMonitor processes and command-line arguments for actions that could be taken to gather system and network information. Remote access tools with built-in features may interact directly with the Windows API to gather information. Information may also be acquired through Windows system management tools such as [Windows Management Instrumentation](https://attack.mitre.org/techniques/T1047) and [PowerShell](https://attack.mitre.org/techniques/T1059/001). Monitor container logs for commands and/or API calls related to listing permissions for pods and nodes, such as <code>kubectl auth can-i</code>.(Citation: K8s Authorization Overview)",
            "x_mitre_domains": [
                "enterprise-attack"
            ],
            "x_mitre_is_subtechnique": false,
            "x_mitre_platforms": [
                "Windows",
                "SaaS",
                "IaaS",
                "Linux",
                "macOS",
                "Containers",
                "Office Suite",
                "Identity Provider"
            ],
            "x_mitre_version": "2.6",
            "x_mitre_data_sources": [
                "Process: Process Creation",
                "Group: Group Metadata",
                "Command: Command Execution",
                "Application Log: Application Log Content",
                "Group: Group Enumeration"
            ],
            "type": "attack-pattern",
            "id": "attack-pattern--15dbf668-795c-41e6-8219-f0447c0e64ce",
            "created": "2017-05-31T21:30:55.471Z",
            "created_by_ref": "identity--c78cb6e5-0c4b-4611-8297-d1b8b55e40b5",
            "revoked": false,
            "external_references": [
                {
                    "source_name": "mitre-attack",
                    "url": "https://attack.mitre.org/techniques/T1069",
                    "external_id": "T1069"
                },
                {
                    "source_name": "K8s Authorization Overview",
                    "description": "Kubernetes. (n.d.). Authorization Overview. Retrieved June 24, 2021.",
                    "url": "https://kubernetes.io/docs/reference/access-authn-authz/authorization/"
                },
                {
                    "source_name": "CrowdStrike BloodHound April 2018",
                    "description": "Red Team Labs. (2018, April 24). Hidden Administrative Accounts: BloodHound to the Rescue. Retrieved October 28, 2020.",
                    "url": "https://www.crowdstrike.com/blog/hidden-administrative-accounts-bloodhound-to-the-rescue/"
                }
            ],
            "object_marking_refs": [
                "marking-definition--fa42a846-8d90-4e51-bc29-71d5b4802168"
            ],
            "x_mitre_attack_spec_version": "3.2.0",
            "x_mitre_modified_by_ref": "identity--c78cb6e5-0c4b-4611-8297-d1b8b55e40b5"
        }
    ]
}