{
    "type": "bundle",
    "id": "bundle--28678ff5-178a-43aa-bf78-e39aed66730f",
    "spec_version": "2.0",
    "objects": [
        {
            "x_mitre_platforms": [
                "macOS",
                "Windows"
            ],
            "x_mitre_domains": [
                "enterprise-attack"
            ],
            "object_marking_refs": [
                "marking-definition--fa42a846-8d90-4e51-bc29-71d5b4802168"
            ],
            "id": "attack-pattern--241814ae-de3f-4656-b49e-f9a80764d4b7",
            "type": "attack-pattern",
            "created": "2017-05-31T21:30:51.330Z",
            "created_by_ref": "identity--c78cb6e5-0c4b-4611-8297-d1b8b55e40b5",
            "revoked": true,
            "external_references": [
                {
                    "source_name": "mitre-attack",
                    "url": "https://attack.mitre.org/techniques/T1063",
                    "external_id": "T1063"
                }
            ],
            "modified": "2020-02-21T21:17:03.347Z",
            "name": "Security Software Discovery",
            "description": "Adversaries may attempt to get a listing of security software, configurations, defensive tools, and sensors that are installed on the system. This may include things such as local firewall rules and anti-virus. Adversaries may use the information from [Security Software Discovery](https://attack.mitre.org/techniques/T1063) during automated discovery to shape follow-on behaviors, including whether or not the adversary fully infects the target and/or attempts specific actions.\n\n\n### Windows\n\nExample commands that can be used to obtain security software information are [netsh](https://attack.mitre.org/software/S0108), <code>reg query</code> with [Reg](https://attack.mitre.org/software/S0075), <code>dir</code> with [cmd](https://attack.mitre.org/software/S0106), and [Tasklist](https://attack.mitre.org/software/S0057), but other indicators of discovery behavior may be more specific to the type of software or security system the adversary is looking for.\n\n### Mac\n\nIt's becoming more common to see macOS malware perform checks for LittleSnitch and KnockKnock software.",
            "kill_chain_phases": [
                {
                    "kill_chain_name": "mitre-attack",
                    "phase_name": "discovery"
                }
            ],
            "x_mitre_detection": "System and network discovery techniques normally occur throughout an operation as an adversary learns the environment. Data and events should not be viewed in isolation, but as part of a chain of behavior that could lead to other activities, such as lateral movement, based on the information obtained.\n\nMonitor processes and command-line arguments for actions that could be taken to gather system and network information. Remote access tools with built-in features may interact directly with the Windows API to gather information. Information may also be acquired through Windows system management tools such as [Windows Management Instrumentation](https://attack.mitre.org/techniques/T1047) and [PowerShell](https://attack.mitre.org/techniques/T1086).",
            "x_mitre_version": "2.1",
            "x_mitre_modified_by_ref": "identity--c78cb6e5-0c4b-4611-8297-d1b8b55e40b5",
            "x_mitre_permissions_required": [
                "User",
                "Administrator",
                "SYSTEM"
            ],
            "x_mitre_is_subtechnique": false
        }
    ]
}