{
    "type": "bundle",
    "id": "bundle--f42820e8-1964-4e92-a84d-6e1aa215ce2c",
    "spec_version": "2.0",
    "objects": [
        {
            "modified": "2024-09-30T13:28:37.414Z",
            "name": "Modify Cloud Compute Infrastructure",
            "description": "An adversary may attempt to modify a cloud account's compute service infrastructure to evade defenses. A modification to the compute service infrastructure can include the creation, deletion, or modification of one or more components such as compute instances, virtual machines, and snapshots.\n\nPermissions gained from the modification of infrastructure components may bypass restrictions that prevent access to existing infrastructure. Modifying infrastructure components may also allow an adversary to evade detection and remove evidence of their presence.(Citation: Mandiant M-Trends 2020)",
            "kill_chain_phases": [
                {
                    "kill_chain_name": "mitre-attack",
                    "phase_name": "defense-evasion"
                }
            ],
            "x_mitre_deprecated": false,
            "x_mitre_detection": "Establish centralized logging for the activity of cloud compute infrastructure components. Monitor for suspicious sequences of events, such as the creation of multiple snapshots within a short period of time or the mount of a snapshot to a new instance by a new or unexpected user. To reduce false positives, valid change management procedures could introduce a known identifier that is logged with the change (e.g., tag or header) if supported by the cloud provider, to help distinguish valid, expected actions from malicious ones.",
            "x_mitre_domains": [
                "enterprise-attack"
            ],
            "x_mitre_is_subtechnique": false,
            "x_mitre_platforms": [
                "IaaS"
            ],
            "x_mitre_version": "1.2",
            "x_mitre_data_sources": [
                "Instance: Instance Metadata",
                "Instance: Instance Stop",
                "Snapshot: Snapshot Creation",
                "Volume: Volume Modification",
                "Instance: Instance Modification",
                "Instance: Instance Creation",
                "Volume: Volume Metadata",
                "Instance: Instance Start",
                "Cloud Service: Cloud Service Metadata",
                "Volume: Volume Creation",
                "Snapshot: Snapshot Modification",
                "Snapshot: Snapshot Metadata",
                "Volume: Volume Deletion",
                "Snapshot: Snapshot Deletion",
                "Instance: Instance Deletion"
            ],
            "type": "attack-pattern",
            "id": "attack-pattern--144e007b-e638-431d-a894-45d90c54ab90",
            "created": "2019-08-30T18:03:05.864Z",
            "created_by_ref": "identity--c78cb6e5-0c4b-4611-8297-d1b8b55e40b5",
            "revoked": false,
            "external_references": [
                {
                    "source_name": "mitre-attack",
                    "url": "https://attack.mitre.org/techniques/T1578",
                    "external_id": "T1578"
                },
                {
                    "source_name": "Mandiant M-Trends 2020",
                    "description": "Mandiant. (2020, February). M-Trends 2020. Retrieved April 24, 2020.",
                    "url": "https://www.mandiant.com/sites/default/files/2021-09/mtrends-2020.pdf"
                }
            ],
            "object_marking_refs": [
                "marking-definition--fa42a846-8d90-4e51-bc29-71d5b4802168"
            ],
            "x_mitre_attack_spec_version": "3.2.0",
            "x_mitre_modified_by_ref": "identity--c78cb6e5-0c4b-4611-8297-d1b8b55e40b5"
        }
    ]
}