{
    "type": "bundle",
    "id": "bundle--0f72bde3-6ab1-43c0-b5d3-bdfbda1da63c",
    "spec_version": "2.0",
    "objects": [
        {
            "modified": "2023-06-14T23:03:51.540Z",
            "name": "Masquerade File Type",
            "description": "Adversaries may masquerade malicious payloads as legitimate files through changes to the payload's formatting, including the file\u2019s signature, extension, and contents. Various file types have a typical standard format, including how they are encoded and organized. For example, a file\u2019s signature (also known as header or magic bytes) is the beginning bytes of a file and is often used to identify the file\u2019s type. For example, the header of a JPEG file,  is <code> 0xFF 0xD8</code> and the file extension is either `.JPE`, `.JPEG` or `.JPG`. \n\nAdversaries may edit the header\u2019s hex code and/or the file extension of a malicious payload in order to bypass file validation checks and/or input sanitization. This behavior is commonly used when payload files are transferred (e.g., [Ingress Tool Transfer](https://attack.mitre.org/techniques/T1105)) and stored (e.g., [Upload Malware](https://attack.mitre.org/techniques/T1608/001)) so that adversaries may move their malware without triggering detections. \n\nCommon non-executable file types and extensions, such as text files (`.txt`) and image files (`.jpg`, `.gif`, etc.) may be typically treated as benign.  Based on this, adversaries may use a file extension to disguise malware, such as naming a PHP backdoor code with a file name of <code>test.gif</code>. A user may not know that a file is malicious due to the benign appearance and file extension.\n\nPolygot files, which are files that have multiple different file types and that function differently based on the application that will execute them, may also be used to disguise malicious malware and capabilities.(Citation: polygot_icedID)",
            "kill_chain_phases": [
                {
                    "kill_chain_name": "mitre-attack",
                    "phase_name": "defense-evasion"
                }
            ],
            "x_mitre_contributors": [
                "CrowdStrike Falcon OverWatch",
                "Ben Smith, @ezaspy"
            ],
            "x_mitre_deprecated": false,
            "x_mitre_detection": "",
            "x_mitre_domains": [
                "enterprise-attack"
            ],
            "x_mitre_is_subtechnique": true,
            "x_mitre_platforms": [
                "Linux",
                "macOS",
                "Windows"
            ],
            "x_mitre_version": "1.0",
            "x_mitre_data_sources": [
                "File: File Modification",
                "Command: Command Execution"
            ],
            "type": "attack-pattern",
            "id": "attack-pattern--208884f1-7b83-4473-ac22-4e1cf6c41471",
            "created": "2023-03-08T22:40:06.918Z",
            "created_by_ref": "identity--c78cb6e5-0c4b-4611-8297-d1b8b55e40b5",
            "revoked": false,
            "external_references": [
                {
                    "source_name": "mitre-attack",
                    "url": "https://attack.mitre.org/techniques/T1036/008",
                    "external_id": "T1036.008"
                },
                {
                    "source_name": "polygot_icedID",
                    "description": "Lim, M. (2022, September 27). More Than Meets the Eye: Exposing a Polyglot File That Delivers IcedID. Retrieved September 29, 2022.",
                    "url": "https://unit42.paloaltonetworks.com/polyglot-file-icedid-payload"
                }
            ],
            "object_marking_refs": [
                "marking-definition--fa42a846-8d90-4e51-bc29-71d5b4802168"
            ],
            "x_mitre_attack_spec_version": "3.1.0",
            "x_mitre_modified_by_ref": "identity--c78cb6e5-0c4b-4611-8297-d1b8b55e40b5"
        }
    ]
}