{
    "type": "bundle",
    "id": "bundle--64a5eb93-0c2d-424f-b0d1-74255e859049",
    "spec_version": "2.0",
    "objects": [
        {
            "modified": "2024-10-28T16:22:25.431Z",
            "name": "Mutual Exclusion",
            "description": "Adversaries may constrain execution or actions based on the presence of a mutex associated with malware. A mutex is a locking mechanism used to synchronize access to a resource. Only one thread or process can acquire a mutex at a given time.(Citation: Microsoft Mutexes)\n\nWhile local mutexes only exist within a given process, allowing multiple threads to synchronize access to a resource, system mutexes can be used to synchronize the activities of multiple processes.(Citation: Microsoft Mutexes) By creating a unique system mutex associated with a particular malware, adversaries can verify whether or not a system has already been compromised.(Citation: Sans Mutexes 2012)\n\nIn Linux environments, malware may instead attempt to acquire a lock on a mutex file. If the malware is able to acquire the lock, it continues to execute; if it fails, it exits to avoid creating a second instance of itself.(Citation: Intezer RedXOR 2021)(Citation: Deep Instinct BPFDoor 2023)\n\nMutex names may be hard-coded or dynamically generated using a predictable algorithm.(Citation: ICS Mutexes 2015)",
            "kill_chain_phases": [
                {
                    "kill_chain_name": "mitre-attack",
                    "phase_name": "defense-evasion"
                }
            ],
            "x_mitre_contributors": [
                "Manikantan Srinivasan, NEC Corporation India",
                "Pooja Natarajan, NEC Corporation India",
                "Nagahama Hiroki \u2013 NEC Corporation Japan"
            ],
            "x_mitre_deprecated": false,
            "x_mitre_detection": "",
            "x_mitre_domains": [
                "enterprise-attack"
            ],
            "x_mitre_is_subtechnique": true,
            "x_mitre_platforms": [
                "Windows",
                "Linux",
                "macOS"
            ],
            "x_mitre_version": "1.0",
            "x_mitre_data_sources": [
                "Process: OS API Execution",
                "File: File Creation"
            ],
            "type": "attack-pattern",
            "id": "attack-pattern--49fca0d2-685d-41eb-8bd4-05451cc3a742",
            "created": "2024-09-19T14:00:03.401Z",
            "created_by_ref": "identity--c78cb6e5-0c4b-4611-8297-d1b8b55e40b5",
            "revoked": false,
            "external_references": [
                {
                    "source_name": "mitre-attack",
                    "url": "https://attack.mitre.org/techniques/T1480/002",
                    "external_id": "T1480.002"
                },
                {
                    "source_name": "Intezer RedXOR 2021",
                    "description": "Joakim Kennedy and Avigayil Mechtinger. (2021, March 10). New Linux Backdoor RedXOR Likely Operated by Chinese Nation-State Actor. Retrieved September 19, 2024.",
                    "url": "https://intezer.com/blog/malware-analysis/new-linux-backdoor-redxor-likely-operated-by-chinese-nation-state-actor/"
                },
                {
                    "source_name": "Sans Mutexes 2012",
                    "description": "Lenny Zeltser. (2012, July 24). Looking at Mutex Objects for Malware Discovery & Indicators of Compromise. Retrieved September 19, 2024.",
                    "url": "https://www.sans.org/blog/looking-at-mutex-objects-for-malware-discovery-indicators-of-compromise/"
                },
                {
                    "source_name": "ICS Mutexes 2015",
                    "description": "Lenny Zeltser. (2015, March 9). How Malware Generates Mutex Names to Evade Detection. Retrieved September 19, 2024.",
                    "url": "https://isc.sans.edu/diary/How+Malware+Generates+Mutex+Names+to+Evade+Detection/19429/"
                },
                {
                    "source_name": "Microsoft Mutexes",
                    "description": "Microsoft. (2022, March 11). Mutexes. Retrieved September 19, 2024.",
                    "url": "https://learn.microsoft.com/en-us/dotnet/standard/threading/mutexes"
                },
                {
                    "source_name": "Deep Instinct BPFDoor 2023",
                    "description": "Shaul Vilkomir-Preisman and Eliran Nissan. (2023, May 10). BPFDoor Malware Evolves \u2013 Stealthy Sniffing Backdoor Ups Its Game. Retrieved September 19, 2024.",
                    "url": "https://www.deepinstinct.com/blog/bpfdoor-malware-evolves-stealthy-sniffing-backdoor-ups-its-game"
                }
            ],
            "object_marking_refs": [
                "marking-definition--fa42a846-8d90-4e51-bc29-71d5b4802168"
            ],
            "x_mitre_attack_spec_version": "3.2.0",
            "x_mitre_modified_by_ref": "identity--c78cb6e5-0c4b-4611-8297-d1b8b55e40b5"
        }
    ]
}