{
    "type": "bundle",
    "id": "bundle--6e70ce13-fccc-464f-a4b3-7d64441bc725",
    "spec_version": "2.0",
    "objects": [
        {
            "modified": "2024-10-15T15:11:55.217Z",
            "name": "Network Sniffing",
            "description": "Adversaries may passively sniff network traffic to capture information about an environment, including authentication material passed over the network. Network sniffing refers to using the network interface on a system to monitor or capture information sent over a wired or wireless connection. An adversary may place a network interface into promiscuous mode to passively access data in transit over the network, or use span ports to capture a larger amount of data.\n\nData captured via this technique may include user credentials, especially those sent over an insecure, unencrypted protocol. Techniques for name service resolution poisoning, such as [LLMNR/NBT-NS Poisoning and SMB Relay](https://attack.mitre.org/techniques/T1557/001), can also be used to capture credentials to websites, proxies, and internal systems by redirecting traffic to an adversary.\n\nNetwork sniffing may reveal configuration details, such as running services, version numbers, and other network characteristics (e.g. IP addresses, hostnames, VLAN IDs) necessary for subsequent [Lateral Movement](https://attack.mitre.org/tactics/TA0008) and/or [Defense Evasion](https://attack.mitre.org/tactics/TA0005) activities. Adversaries may likely also utilize network sniffing during [Adversary-in-the-Middle](https://attack.mitre.org/techniques/T1557) (AiTM) to passively gain additional knowledge about the environment.\n\nIn cloud-based environments, adversaries may still be able to use traffic mirroring services to sniff network traffic from virtual machines. For example, AWS Traffic Mirroring, GCP Packet Mirroring, and Azure vTap allow users to define specified instances to collect traffic from and specified targets to send collected traffic to.(Citation: AWS Traffic Mirroring)(Citation: GCP Packet Mirroring)(Citation: Azure Virtual Network TAP) Often, much of this traffic will be in cleartext due to the use of TLS termination at the load balancer level to reduce the strain of encrypting and decrypting traffic.(Citation: Rhino Security Labs AWS VPC Traffic Mirroring)(Citation: SpecterOps AWS Traffic Mirroring) The adversary can then use exfiltration techniques such as Transfer Data to Cloud Account in order to access the sniffed traffic.(Citation: Rhino Security Labs AWS VPC Traffic Mirroring)\n\nOn network devices, adversaries may perform network captures using [Network Device CLI](https://attack.mitre.org/techniques/T1059/008) commands such as `monitor capture`.(Citation: US-CERT-TA18-106A)(Citation: capture_embedded_packet_on_software)",
            "kill_chain_phases": [
                {
                    "kill_chain_name": "mitre-attack",
                    "phase_name": "credential-access"
                },
                {
                    "kill_chain_name": "mitre-attack",
                    "phase_name": "discovery"
                }
            ],
            "x_mitre_contributors": [
                "Oleg Kolesnikov, Securonix",
                "Tiago Faria, 3CORESec",
                "Austin Clark, @c2defense",
                "Itamar Mizrahi, Cymptom",
                "Eliraz Levi, Hunters"
            ],
            "x_mitre_deprecated": false,
            "x_mitre_detection": "Detecting the events leading up to sniffing network traffic may be the best method of detection. From the host level, an adversary would likely need to perform a [Adversary-in-the-Middle](https://attack.mitre.org/techniques/T1557) attack against other devices on a wired network in order to capture traffic that was not to or from the current compromised system. This change in the flow of information is detectable at the enclave network level. Monitor for ARP spoofing and gratuitous ARP broadcasts. Detecting compromised network devices is a bit more challenging. Auditing administrator logins, configuration changes, and device images is required to detect malicious changes.\n\nIn cloud-based environments, monitor for the creation of new traffic mirrors or modification of existing traffic mirrors. For network infrastructure devices, collect AAA logging to monitor for the capture of network traffic.",
            "x_mitre_domains": [
                "enterprise-attack"
            ],
            "x_mitre_is_subtechnique": false,
            "x_mitre_platforms": [
                "Linux",
                "macOS",
                "Windows",
                "Network",
                "IaaS"
            ],
            "x_mitre_version": "1.6",
            "x_mitre_data_sources": [
                "Command: Command Execution",
                "Process: Process Creation"
            ],
            "x_mitre_system_requirements": [
                "Network interface access and packet capture driver"
            ],
            "type": "attack-pattern",
            "id": "attack-pattern--3257eb21-f9a7-4430-8de1-d8b6e288f529",
            "created": "2017-05-31T21:30:41.399Z",
            "created_by_ref": "identity--c78cb6e5-0c4b-4611-8297-d1b8b55e40b5",
            "revoked": false,
            "external_references": [
                {
                    "source_name": "mitre-attack",
                    "url": "https://attack.mitre.org/techniques/T1040",
                    "external_id": "T1040"
                },
                {
                    "source_name": "AWS Traffic Mirroring",
                    "description": "Amazon Web Services. (n.d.). How Traffic Mirroring works. Retrieved March 17, 2022.",
                    "url": "https://docs.aws.amazon.com/vpc/latest/mirroring/traffic-mirroring-how-it-works.html"
                },
                {
                    "source_name": "capture_embedded_packet_on_software",
                    "description": "Cisco. (2022, August 17). Configure and Capture Embedded Packet on Software. Retrieved July 13, 2022.",
                    "url": "https://www.cisco.com/c/en/us/support/docs/ios-nx-os-software/ios-embedded-packet-capture/116045-productconfig-epc-00.html"
                },
                {
                    "source_name": "GCP Packet Mirroring",
                    "description": "Google Cloud. (n.d.). Packet Mirroring overview. Retrieved March 17, 2022.",
                    "url": "https://cloud.google.com/vpc/docs/packet-mirroring"
                },
                {
                    "source_name": "SpecterOps AWS Traffic Mirroring",
                    "description": "Luke Paine. (2020, March 11). Through the Looking Glass \u2014 Part 1. Retrieved March 17, 2022.",
                    "url": "https://posts.specterops.io/through-the-looking-glass-part-1-f539ae308512"
                },
                {
                    "source_name": "Azure Virtual Network TAP",
                    "description": "Microsoft. (2022, February 9). Virtual network TAP. Retrieved March 17, 2022.",
                    "url": "https://docs.microsoft.com/en-us/azure/virtual-network/virtual-network-tap-overview"
                },
                {
                    "source_name": "Rhino Security Labs AWS VPC Traffic Mirroring",
                    "description": "Spencer Gietzen. (2019, September 17). Abusing VPC Traffic Mirroring in AWS. Retrieved March 17, 2022.",
                    "url": "https://rhinosecuritylabs.com/aws/abusing-vpc-traffic-mirroring-in-aws/"
                },
                {
                    "source_name": "US-CERT-TA18-106A",
                    "description": "US-CERT. (2018, April 20). Alert (TA18-106A) Russian State-Sponsored Cyber Actors Targeting Network Infrastructure Devices. Retrieved October 19, 2020.",
                    "url": "https://www.us-cert.gov/ncas/alerts/TA18-106A"
                }
            ],
            "object_marking_refs": [
                "marking-definition--fa42a846-8d90-4e51-bc29-71d5b4802168"
            ],
            "x_mitre_attack_spec_version": "3.2.0",
            "x_mitre_modified_by_ref": "identity--c78cb6e5-0c4b-4611-8297-d1b8b55e40b5"
        }
    ]
}