{
    "type": "bundle",
    "id": "bundle--96e2e7e7-0156-4be9-85b2-f5ef4ad782bd",
    "spec_version": "2.0",
    "objects": [
        {
            "x_mitre_platforms": [
                "PRE"
            ],
            "x_mitre_domains": [
                "enterprise-attack"
            ],
            "object_marking_refs": [
                "marking-definition--fa42a846-8d90-4e51-bc29-71d5b4802168"
            ],
            "id": "attack-pattern--36aa137f-5166-41f8-b2f0-a4cfa1b4133e",
            "type": "attack-pattern",
            "created": "2020-10-02T15:47:59.457Z",
            "created_by_ref": "identity--c78cb6e5-0c4b-4611-8297-d1b8b55e40b5",
            "external_references": [
                {
                    "source_name": "mitre-attack",
                    "external_id": "T1590.003",
                    "url": "https://attack.mitre.org/techniques/T1590/003"
                },
                {
                    "source_name": "Pentesting AD Forests",
                    "url": "https://www.slideshare.net/rootedcon/carlos-garca-pentesting-active-directory-forests-rooted2019",
                    "description": "Garc\u00eda, C. (2019, April 3). Pentesting Active Directory Forests. Retrieved October 20, 2020."
                }
            ],
            "modified": "2021-04-15T03:34:22.917Z",
            "name": "Network Trust Dependencies",
            "description": "Adversaries may gather information about the victim's network trust dependencies that can be used during targeting. Information about network trusts may include a variety of details, including second or third-party organizations/domains (ex: managed service providers, contractors, etc.) that have connected (and potentially elevated) network access.\n\nAdversaries may gather this information in various ways, such as direct elicitation via [Phishing for Information](https://attack.mitre.org/techniques/T1598). Information about network trusts may also be exposed to adversaries via online or other accessible data sets (ex: [Search Open Technical Databases](https://attack.mitre.org/techniques/T1596)).(Citation: Pentesting AD Forests) Gathering this information may reveal opportunities for other forms of reconnaissance (ex: [Active Scanning](https://attack.mitre.org/techniques/T1595) or [Search Open Websites/Domains](https://attack.mitre.org/techniques/T1593)), establishing operational resources (ex: [Acquire Infrastructure](https://attack.mitre.org/techniques/T1583) or [Compromise Infrastructure](https://attack.mitre.org/techniques/T1584)), and/or initial access (ex: [Trusted Relationship](https://attack.mitre.org/techniques/T1199)).",
            "kill_chain_phases": [
                {
                    "kill_chain_name": "mitre-attack",
                    "phase_name": "reconnaissance"
                }
            ],
            "x_mitre_detection": "Much of this activity may have a very high occurrence and associated false positive rate, as well as potentially taking place outside the visibility of the target organization, making detection difficult for defenders.\n\nDetection efforts may be focused on related stages of the adversary lifecycle, such as during Initial Access.",
            "x_mitre_is_subtechnique": true,
            "x_mitre_version": "1.0",
            "x_mitre_modified_by_ref": "identity--c78cb6e5-0c4b-4611-8297-d1b8b55e40b5"
        }
    ]
}