{
    "type": "bundle",
    "id": "bundle--454cba14-a271-4de3-b429-36f8de8cdc32",
    "spec_version": "2.0",
    "objects": [
        {
            "x_mitre_platforms": [
                "Windows"
            ],
            "x_mitre_domains": [
                "enterprise-attack"
            ],
            "object_marking_refs": [
                "marking-definition--fa42a846-8d90-4e51-bc29-71d5b4802168"
            ],
            "id": "attack-pattern--4be89c7c-ace6-4876-9377-c8d54cef3d63",
            "type": "attack-pattern",
            "created": "2017-05-31T21:30:50.958Z",
            "created_by_ref": "identity--c78cb6e5-0c4b-4611-8297-d1b8b55e40b5",
            "external_references": [
                {
                    "source_name": "mitre-attack",
                    "external_id": "T1062",
                    "url": "https://attack.mitre.org/techniques/T1062"
                },
                {
                    "external_id": "CAPEC-552",
                    "source_name": "capec",
                    "url": "https://capec.mitre.org/data/definitions/552.html"
                },
                {
                    "url": "https://en.wikipedia.org/wiki/Hypervisor",
                    "description": "Wikipedia. (2016, May 23). Hypervisor. Retrieved June 11, 2016.",
                    "source_name": "Wikipedia Hypervisor"
                },
                {
                    "url": "http://en.wikipedia.org/wiki/Xen",
                    "description": "Xen. (n.d.). In Wikipedia. Retrieved November 13, 2014.",
                    "source_name": "Wikipedia Xen"
                },
                {
                    "url": "http://citeseerx.ist.psu.edu/viewdoc/download?doi=10.1.1.90.8832&rep=rep1&type=pdf",
                    "description": "Myers, M., and Youndt, S. (2007). An Introduction to Hardware-Assisted Virtual Machine (HVM) Rootkits. Retrieved November 13, 2014.",
                    "source_name": "Myers 2007"
                },
                {
                    "url": "http://virtualization.info/en/news/2006/08/debunking-blue-pill-myth.html",
                    "description": "virtualization.info. (Interviewer) & Liguori, A. (Interviewee). (2006, August 11). Debunking Blue Pill myth &#91;Interview transcript&#93;. Retrieved November 13, 2014.",
                    "source_name": "virtualization.info 2006"
                }
            ],
            "modified": "2020-03-30T13:44:04.712Z",
            "name": "Hypervisor",
            "description": "**This technique has been deprecated and should no longer be used.**\n\nA type-1 hypervisor is a software layer that sits between the guest operating systems and system's hardware. (Citation: Wikipedia Hypervisor) It presents a virtual running environment to an operating system. An example of a common hypervisor is Xen. (Citation: Wikipedia Xen) A type-1 hypervisor operates at a level below the operating system and could be designed with [Rootkit](https://attack.mitre.org/techniques/T1014) functionality to hide its existence from the guest operating system. (Citation: Myers 2007) A malicious hypervisor of this nature could be used to persist on systems through interruption.",
            "kill_chain_phases": [
                {
                    "kill_chain_name": "mitre-attack",
                    "phase_name": "persistence"
                }
            ],
            "x_mitre_detection": "Type-1 hypervisors may be detected by performing timing analysis. Hypervisors emulate certain CPU instructions that would normally be executed by the hardware. If an instruction takes orders of magnitude longer to execute than normal on a system that should not contain a hypervisor, one may be present. (Citation: virtualization.info 2006)",
            "x_mitre_deprecated": true,
            "x_mitre_version": "2.0",
            "x_mitre_modified_by_ref": "identity--c78cb6e5-0c4b-4611-8297-d1b8b55e40b5",
            "x_mitre_permissions_required": [
                "Administrator",
                "SYSTEM"
            ],
            "x_mitre_is_subtechnique": false
        }
    ]
}