{
    "type": "bundle",
    "id": "bundle--d32bad28-e456-4c38-9a80-4dc86f8f03d3",
    "spec_version": "2.0",
    "objects": [
        {
            "x_mitre_platforms": [
                "Windows",
                "macOS"
            ],
            "x_mitre_domains": [
                "enterprise-attack"
            ],
            "x_mitre_contributors": [
                "Filip Kafka, ESET"
            ],
            "object_marking_refs": [
                "marking-definition--fa42a846-8d90-4e51-bc29-71d5b4802168"
            ],
            "id": "attack-pattern--6ff403bc-93e3-48be-8687-e102fdba8c88",
            "type": "attack-pattern",
            "created": "2017-05-31T21:30:43.472Z",
            "created_by_ref": "identity--c78cb6e5-0c4b-4611-8297-d1b8b55e40b5",
            "revoked": true,
            "external_references": [
                {
                    "source_name": "mitre-attack",
                    "external_id": "T1045",
                    "url": "https://attack.mitre.org/techniques/T1045"
                },
                {
                    "external_id": "CAPEC-570",
                    "source_name": "capec",
                    "url": "https://capec.mitre.org/data/definitions/570.html"
                },
                {
                    "url": "http://en.wikipedia.org/wiki/Executable_compression",
                    "description": "Executable compression. (n.d.). Retrieved December 4, 2014.",
                    "source_name": "Wikipedia Exe Compression"
                },
                {
                    "source_name": "ESET FinFisher Jan 2018",
                    "url": "https://www.welivesecurity.com/wp-content/uploads/2018/01/WP-FinFisher.pdf",
                    "description": "Kafka, F. (2018, January). ESET's Guide to Deobfuscating and Devirtualizing FinFisher. Retrieved August 12, 2019."
                }
            ],
            "modified": "2020-02-05T14:18:21.533Z",
            "name": "Software Packing",
            "description": "Software packing is a method of compressing or encrypting an executable. Packing an executable changes the file signature in an attempt to avoid signature-based detection. Most decompression techniques decompress the executable code in memory.\n\nUtilities used to perform software packing are called packers. Example packers are MPRESS and UPX. A more comprehensive list of known packers is available, (Citation: Wikipedia Exe Compression) but adversaries may create their own packing techniques that do not leave the same artifacts as well-known packers to evade defenses.\n\nAdversaries may use virtual machine software protection as a form of software packing to protect their code. Virtual machine software protection translates an executable's original code into a special format that only a special virtual machine can run. A virtual machine is then called to run this code.(Citation: ESET FinFisher Jan 2018)",
            "kill_chain_phases": [
                {
                    "kill_chain_name": "mitre-attack",
                    "phase_name": "defense-evasion"
                }
            ],
            "x_mitre_detection": "Use file scanning to look for known software packers or artifacts of packing techniques. Packing is not a definitive indicator of malicious activity, because legitimate software may use packing techniques to reduce binary size or to protect proprietary code.",
            "x_mitre_version": "1.1",
            "x_mitre_modified_by_ref": "identity--c78cb6e5-0c4b-4611-8297-d1b8b55e40b5",
            "x_mitre_defense_bypassed": [
                "Signature-based detection",
                "Anti-virus",
                "Heuristic detection"
            ],
            "x_mitre_is_subtechnique": false
        }
    ]
}