{
    "type": "bundle",
    "id": "bundle--95671ddf-5d96-434e-b35b-e61ff1485bb9",
    "spec_version": "2.0",
    "objects": [
        {
            "modified": "2023-08-11T20:24:03.069Z",
            "name": "SSH",
            "description": "Adversaries may use [Valid Accounts](https://attack.mitre.org/techniques/T1078) to log into remote machines using Secure Shell (SSH). The adversary may then perform actions as the logged-on user.\n\nSSH is a protocol that allows authorized users to open remote shells on other computers. Many Linux and macOS versions come with SSH installed by default, although typically disabled until the user enables it. The SSH server can be configured to use standard password authentication or public-private keypairs in lieu of or in addition to a password. In this authentication scenario, the user\u2019s public key must be in a special file on the computer running the server that lists which keypairs are allowed to login as that user.",
            "kill_chain_phases": [
                {
                    "kill_chain_name": "mitre-attack",
                    "phase_name": "lateral-movement"
                }
            ],
            "x_mitre_deprecated": false,
            "x_mitre_detection": "Use of SSH may be legitimate depending on the environment and how it\u2019s used. Other factors, such as access patterns and activity that occurs after a remote login, may indicate suspicious or malicious behavior with SSH. Monitor for user accounts logged into systems they would not normally access or access patterns to multiple systems over a relatively short period of time.\n\nOn macOS systems <code>log show --predicate 'process = \"sshd\"'</code> can be used to review incoming SSH connection attempts for suspicious activity. The command <code>log show --info --predicate 'process = \"ssh\" or eventMessage contains \"ssh\"'</code> can be used to review outgoing SSH connection activity.(Citation: Apple Unified Log Analysis Remote Login and Screen Sharing)\n\nOn Linux systems SSH activity can be found in the logs located in <code>/var/log/auth.log</code> or <code>/var/log/secure</code> depending on the distro you are using.",
            "x_mitre_domains": [
                "enterprise-attack"
            ],
            "x_mitre_is_subtechnique": true,
            "x_mitre_platforms": [
                "Linux",
                "macOS"
            ],
            "x_mitre_version": "1.2",
            "x_mitre_data_sources": [
                "Logon Session: Logon Session Creation",
                "Process: Process Creation",
                "Network Traffic: Network Connection Creation"
            ],
            "x_mitre_system_requirements": [
                "An SSH server is configured and running."
            ],
            "type": "attack-pattern",
            "id": "attack-pattern--2db31dcd-54da-405d-acef-b9129b816ed6",
            "created": "2020-02-11T18:27:15.774Z",
            "created_by_ref": "identity--c78cb6e5-0c4b-4611-8297-d1b8b55e40b5",
            "revoked": false,
            "external_references": [
                {
                    "source_name": "mitre-attack",
                    "url": "https://attack.mitre.org/techniques/T1021/004",
                    "external_id": "T1021.004"
                },
                {
                    "source_name": "Apple Unified Log Analysis Remote Login and Screen Sharing",
                    "description": "Sarah Edwards. (2020, April 30). Analysis of Apple Unified Logs: Quarantine Edition [Entry 6] \u2013 Working From Home? Remote Logins. Retrieved August 19, 2021.",
                    "url": "https://sarah-edwards-xzkc.squarespace.com/blog/2020/4/30/analysis-of-apple-unified-logs-quarantine-edition-entry-6-working-from-home-remote-logins"
                }
            ],
            "object_marking_refs": [
                "marking-definition--fa42a846-8d90-4e51-bc29-71d5b4802168"
            ],
            "x_mitre_attack_spec_version": "3.1.0",
            "x_mitre_modified_by_ref": "identity--c78cb6e5-0c4b-4611-8297-d1b8b55e40b5"
        }
    ]
}