{
    "type": "bundle",
    "id": "bundle--de44c466-808f-416a-a71a-e6353abb785c",
    "spec_version": "2.0",
    "objects": [
        {
            "modified": "2024-10-15T15:14:03.453Z",
            "name": "Scheduled Task/Job",
            "description": "Adversaries may abuse task scheduling functionality to facilitate initial or recurring execution of malicious code. Utilities exist within all major operating systems to schedule programs or scripts to be executed at a specified date and time. A task can also be scheduled on a remote system, provided the proper authentication is met (ex: RPC and file and printer sharing in Windows environments). Scheduling a task on a remote system typically may require being a member of an admin or otherwise privileged group on the remote system.(Citation: TechNet Task Scheduler Security)\n\nAdversaries may use task scheduling to execute programs at system startup or on a scheduled basis for persistence. These mechanisms can also be abused to run a process under the context of a specified account (such as one with elevated permissions/privileges). Similar to [System Binary Proxy Execution](https://attack.mitre.org/techniques/T1218), adversaries have also abused task scheduling to potentially mask one-time execution under a trusted system process.(Citation: ProofPoint Serpent)",
            "kill_chain_phases": [
                {
                    "kill_chain_name": "mitre-attack",
                    "phase_name": "execution"
                },
                {
                    "kill_chain_name": "mitre-attack",
                    "phase_name": "persistence"
                },
                {
                    "kill_chain_name": "mitre-attack",
                    "phase_name": "privilege-escalation"
                }
            ],
            "x_mitre_contributors": [
                "Prashant Verma, Paladion",
                "Leo Loobeek, @leoloobeek",
                "Travis Smith, Tripwire",
                "Alain Homewood, Insomnia Security",
                "Andrew Northern, @ex_raritas",
                "Bryan Campbell, @bry_campbell",
                "Zachary Abzug, @ZackDoesML",
                "Selena Larson, @selenalarson"
            ],
            "x_mitre_deprecated": false,
            "x_mitre_detection": "Monitor scheduled task creation from common utilities using command-line invocation. Legitimate scheduled tasks may be created during installation of new software or through system administration functions. Look for changes to tasks that do not correlate with known software, patch cycles, etc. \n\nSuspicious program execution through scheduled tasks may show up as outlier processes that have not been seen before when compared against historical data. Data and events should not be viewed in isolation, but as part of a chain of behavior that could lead to other activities, such as network connections made for Command and Control, learning details about the environment through Discovery, and Lateral Movement.",
            "x_mitre_domains": [
                "enterprise-attack"
            ],
            "x_mitre_is_subtechnique": false,
            "x_mitre_platforms": [
                "Windows",
                "Linux",
                "macOS",
                "Containers"
            ],
            "x_mitre_version": "2.3",
            "x_mitre_data_sources": [
                "Scheduled Job: Scheduled Job Creation",
                "File: File Creation",
                "Process: Process Creation",
                "Container: Container Creation",
                "Command: Command Execution",
                "File: File Modification"
            ],
            "x_mitre_effective_permissions": [
                "SYSTEM",
                "Administrator",
                "User"
            ],
            "x_mitre_permissions_required": [
                "Administrator",
                "SYSTEM",
                "User"
            ],
            "x_mitre_remote_support": true,
            "type": "attack-pattern",
            "id": "attack-pattern--35dd844a-b219-4e2b-a6bb-efa9a75995a9",
            "created": "2017-05-31T21:30:46.977Z",
            "created_by_ref": "identity--c78cb6e5-0c4b-4611-8297-d1b8b55e40b5",
            "revoked": false,
            "external_references": [
                {
                    "source_name": "mitre-attack",
                    "url": "https://attack.mitre.org/techniques/T1053",
                    "external_id": "T1053"
                },
                {
                    "source_name": "ProofPoint Serpent",
                    "description": "Campbell, B. et al. (2022, March 21). Serpent, No Swiping! New Backdoor Targets French Entities with Unique Attack Chain. Retrieved April 11, 2022.",
                    "url": "https://www.proofpoint.com/us/blog/threat-insight/serpent-no-swiping-new-backdoor-targets-french-entities-unique-attack-chain"
                },
                {
                    "source_name": "TechNet Task Scheduler Security",
                    "description": "Microsoft. (2005, January 21). Task Scheduler and security. Retrieved June 8, 2016.",
                    "url": "https://technet.microsoft.com/en-us/library/cc785125.aspx"
                }
            ],
            "object_marking_refs": [
                "marking-definition--fa42a846-8d90-4e51-bc29-71d5b4802168"
            ],
            "x_mitre_attack_spec_version": "3.2.0",
            "x_mitre_modified_by_ref": "identity--c78cb6e5-0c4b-4611-8297-d1b8b55e40b5"
        }
    ]
}