{
    "type": "bundle",
    "id": "bundle--21bbf18c-a6f8-47c6-b294-2cedd0418ce5",
    "spec_version": "2.0",
    "objects": [
        {
            "modified": "2024-01-24T00:04:01.066Z",
            "name": "Automated Exfiltration",
            "description": "Adversaries may exfiltrate data, such as sensitive documents, through the use of automated processing after being gathered during Collection.(Citation: ESET Gamaredon June 2020) \n\nWhen automated exfiltration is used, other exfiltration techniques likely apply as well to transfer the information out of the network, such as [Exfiltration Over C2 Channel](https://attack.mitre.org/techniques/T1041) and [Exfiltration Over Alternative Protocol](https://attack.mitre.org/techniques/T1048).",
            "kill_chain_phases": [
                {
                    "kill_chain_name": "mitre-attack",
                    "phase_name": "exfiltration"
                }
            ],
            "x_mitre_contributors": [
                "ExtraHop"
            ],
            "x_mitre_deprecated": false,
            "x_mitre_detection": "Monitor process file access patterns and network behavior. Unrecognized processes or scripts that appear to be traversing file systems and sending network traffic may be suspicious.",
            "x_mitre_domains": [
                "enterprise-attack"
            ],
            "x_mitre_is_subtechnique": false,
            "x_mitre_platforms": [
                "Linux",
                "macOS",
                "Windows",
                "Network"
            ],
            "x_mitre_version": "1.2",
            "x_mitre_data_sources": [
                "Command: Command Execution",
                "Network Traffic: Network Traffic Flow",
                "File: File Access",
                "Network Traffic: Network Connection Creation",
                "Network Traffic: Network Traffic Content",
                "Script: Script Execution"
            ],
            "type": "attack-pattern",
            "id": "attack-pattern--774a3188-6ba9-4dc4-879d-d54ee48a5ce9",
            "created": "2017-05-31T21:30:29.458Z",
            "created_by_ref": "identity--c78cb6e5-0c4b-4611-8297-d1b8b55e40b5",
            "revoked": false,
            "external_references": [
                {
                    "source_name": "mitre-attack",
                    "url": "https://attack.mitre.org/techniques/T1020",
                    "external_id": "T1020"
                },
                {
                    "source_name": "ESET Gamaredon June 2020",
                    "description": "Boutin, J. (2020, June 11). Gamaredon group grows its game. Retrieved June 16, 2020.",
                    "url": "https://www.welivesecurity.com/2020/06/11/gamaredon-group-grows-its-game/"
                }
            ],
            "object_marking_refs": [
                "marking-definition--fa42a846-8d90-4e51-bc29-71d5b4802168"
            ],
            "x_mitre_attack_spec_version": "3.2.0",
            "x_mitre_modified_by_ref": "identity--c78cb6e5-0c4b-4611-8297-d1b8b55e40b5"
        }
    ]
}