{
    "type": "bundle",
    "id": "bundle--38a15847-8117-48ab-94f3-6cd795b5519d",
    "spec_version": "2.0",
    "objects": [
        {
            "modified": "2024-10-15T16:25:45.507Z",
            "name": "Container Administration Command",
            "description": "Adversaries may abuse a container administration service to execute commands within a container. A container administration service such as the Docker daemon, the Kubernetes API server, or the kubelet may allow remote management of containers within an environment.(Citation: Docker Daemon CLI)(Citation: Kubernetes API)(Citation: Kubernetes Kubelet)\n\nIn Docker, adversaries may specify an entrypoint during container deployment that executes a script or command, or they may use a command such as <code>docker exec</code> to execute a command within a running container.(Citation: Docker Entrypoint)(Citation: Docker Exec) In Kubernetes, if an adversary has sufficient permissions, they may gain remote execution in a container in the cluster via interaction with the Kubernetes API server, the kubelet, or by running a command such as <code>kubectl exec</code>.(Citation: Kubectl Exec Get Shell)",
            "kill_chain_phases": [
                {
                    "kill_chain_name": "mitre-attack",
                    "phase_name": "execution"
                }
            ],
            "x_mitre_contributors": [
                "Alfredo Oliveira, Trend Micro",
                "David Fiser, @anu4is, Trend Micro",
                "Brad Geesaman, @bradgeesaman",
                "Center for Threat-Informed Defense (CTID)",
                "Magno Logan, @magnologan, Trend Micro",
                "Vishwas Manral, McAfee",
                "Yossi Weizman, Azure Defender Research Team"
            ],
            "x_mitre_deprecated": false,
            "x_mitre_detection": "Container administration service activities and executed commands can be captured through logging of process execution with command-line arguments on the container and the underlying host. In Docker, the daemon log provides insight into events at the daemon and container service level. Kubernetes system component logs may also detect activities running in and out of containers in the cluster. ",
            "x_mitre_domains": [
                "enterprise-attack"
            ],
            "x_mitre_is_subtechnique": false,
            "x_mitre_platforms": [
                "Containers"
            ],
            "x_mitre_version": "1.2",
            "x_mitre_data_sources": [
                "Command: Command Execution",
                "Process: Process Creation"
            ],
            "x_mitre_remote_support": true,
            "type": "attack-pattern",
            "id": "attack-pattern--7b50a1d3-4ca7-45d1-989d-a6503f04bfe1",
            "created": "2021-03-29T16:39:26.183Z",
            "created_by_ref": "identity--c78cb6e5-0c4b-4611-8297-d1b8b55e40b5",
            "revoked": false,
            "external_references": [
                {
                    "source_name": "mitre-attack",
                    "url": "https://attack.mitre.org/techniques/T1609",
                    "external_id": "T1609"
                },
                {
                    "source_name": "Docker Exec",
                    "description": "Docker. (n.d.). Docker Exec. Retrieved March 29, 2021.",
                    "url": "https://docs.docker.com/engine/reference/commandline/exec/"
                },
                {
                    "source_name": "Docker Entrypoint",
                    "description": "Docker. (n.d.). Docker run reference. Retrieved March 29, 2021.",
                    "url": "https://docs.docker.com/engine/reference/run/#entrypoint-default-command-to-execute-at-runtime"
                },
                {
                    "source_name": "Docker Daemon CLI",
                    "description": "Docker. (n.d.). DockerD CLI. Retrieved March 29, 2021.",
                    "url": "https://docs.docker.com/engine/reference/commandline/dockerd/"
                },
                {
                    "source_name": "Kubectl Exec Get Shell",
                    "description": "The Kubernetes Authors. (n.d.). Get a Shell to a Running Container. Retrieved March 29, 2021.",
                    "url": "https://kubernetes.io/docs/tasks/debug-application-cluster/get-shell-running-container/"
                },
                {
                    "source_name": "Kubernetes Kubelet",
                    "description": "The Kubernetes Authors. (n.d.). Kubelet. Retrieved March 29, 2021.",
                    "url": "https://kubernetes.io/docs/reference/command-line-tools-reference/kubelet/"
                },
                {
                    "source_name": "Kubernetes API",
                    "description": "The Kubernetes Authors. (n.d.). The Kubernetes API. Retrieved March 29, 2021.",
                    "url": "https://kubernetes.io/docs/concepts/overview/kubernetes-api/"
                }
            ],
            "object_marking_refs": [
                "marking-definition--fa42a846-8d90-4e51-bc29-71d5b4802168"
            ],
            "x_mitre_attack_spec_version": "3.2.0",
            "x_mitre_modified_by_ref": "identity--c78cb6e5-0c4b-4611-8297-d1b8b55e40b5"
        }
    ]
}