{
    "type": "bundle",
    "id": "bundle--ee183aa2-b19a-41ae-99de-1d74a90c2fb7",
    "spec_version": "2.0",
    "objects": [
        {
            "x_mitre_platforms": [
                "PRE"
            ],
            "x_mitre_domains": [
                "enterprise-attack"
            ],
            "object_marking_refs": [
                "marking-definition--fa42a846-8d90-4e51-bc29-71d5b4802168"
            ],
            "id": "attack-pattern--17fd695c-b88c-455a-a3d1-43b6cb728532",
            "type": "attack-pattern",
            "created": "2020-10-02T16:57:45.044Z",
            "created_by_ref": "identity--c78cb6e5-0c4b-4611-8297-d1b8b55e40b5",
            "external_references": [
                {
                    "source_name": "mitre-attack",
                    "external_id": "T1596.001",
                    "url": "https://attack.mitre.org/techniques/T1596/001"
                },
                {
                    "source_name": "DNS Dumpster",
                    "url": "https://dnsdumpster.com/",
                    "description": "Hacker Target. (n.d.). DNS Dumpster. Retrieved October 20, 2020."
                },
                {
                    "source_name": "Circl Passive DNS",
                    "url": "https://www.circl.lu/services/passive-dns/",
                    "description": "CIRCL Computer Incident Response Center. (n.d.). Passive DNS. Retrieved October 20, 2020."
                }
            ],
            "modified": "2021-04-15T03:49:13.409Z",
            "name": "DNS/Passive DNS",
            "description": "Adversaries may search DNS data for information about victims that can be used during targeting. DNS information may include a variety of details, including registered name servers as well as records that outline addressing for a target\u2019s subdomains, mail servers, and other hosts.\n\nAdversaries may search DNS data to gather actionable information. Threat actors can query nameservers for a target organization directly, or search through centralized repositories of logged DNS query responses (known as passive DNS).(Citation: DNS Dumpster)(Citation: Circl Passive DNS) Adversaries may also seek and target DNS misconfigurations/leaks that reveal information about internal networks. Information from these sources may reveal opportunities for other forms of reconnaissance (ex: [Search Victim-Owned Websites](https://attack.mitre.org/techniques/T1594) or [Search Open Websites/Domains](https://attack.mitre.org/techniques/T1593)), establishing operational resources (ex: [Acquire Infrastructure](https://attack.mitre.org/techniques/T1583) or [Compromise Infrastructure](https://attack.mitre.org/techniques/T1584)), and/or initial access (ex: [External Remote Services](https://attack.mitre.org/techniques/T1133) or [Trusted Relationship](https://attack.mitre.org/techniques/T1199)).",
            "kill_chain_phases": [
                {
                    "kill_chain_name": "mitre-attack",
                    "phase_name": "reconnaissance"
                }
            ],
            "x_mitre_detection": "Much of this activity may have a very high occurrence and associated false positive rate, as well as potentially taking place outside the visibility of the target organization, making detection difficult for defenders.\n\nDetection efforts may be focused on related stages of the adversary lifecycle, such as during Initial Access.",
            "x_mitre_is_subtechnique": true,
            "x_mitre_version": "1.0",
            "x_mitre_modified_by_ref": "identity--c78cb6e5-0c4b-4611-8297-d1b8b55e40b5"
        }
    ]
}