{
    "type": "bundle",
    "id": "bundle--ea089897-484e-4ce7-b13c-7e6cac022b2d",
    "spec_version": "2.0",
    "objects": [
        {
            "modified": "2024-01-11T23:47:44.655Z",
            "name": "Local Account",
            "description": "Adversaries may attempt to get a listing of local system accounts. This information can help adversaries determine which local accounts exist on a system to aid in follow-on behavior.\n\nCommands such as <code>net user</code> and <code>net localgroup</code> of the [Net](https://attack.mitre.org/software/S0039) utility and <code>id</code> and <code>groups</code> on macOS and Linux can list local users and groups.(Citation: Mandiant APT1)(Citation: id man page)(Citation: groups man page) On Linux, local users can also be enumerated through the use of the <code>/etc/passwd</code> file. On macOS the <code>dscl . list /Users</code> command can be used to enumerate local accounts.",
            "kill_chain_phases": [
                {
                    "kill_chain_name": "mitre-attack",
                    "phase_name": "discovery"
                }
            ],
            "x_mitre_contributors": [
                "Daniel Stepanic, Elastic",
                "Miriam Wiesner, @miriamxyra, Microsoft Security"
            ],
            "x_mitre_deprecated": false,
            "x_mitre_detection": "System and network discovery techniques normally occur throughout an operation as an adversary learns the environment. Data and events should not be viewed in isolation, but as part of a chain of behavior that could lead to other activities, such as Lateral Movement, based on the information obtained.\n\nMonitor processes and command-line arguments for actions that could be taken to gather system and network information. Remote access tools with built-in features may interact directly with the Windows API to gather information. Information may also be acquired through Windows system management tools such as [Windows Management Instrumentation](https://attack.mitre.org/techniques/T1047) and [PowerShell](https://attack.mitre.org/techniques/T1059/001).\n\nMonitor for processes that can be used to enumerate user accounts, such as <code>net.exe</code> and <code>net1.exe</code>, especially when executed in quick succession.(Citation: Elastic - Koadiac Detection with EQL)",
            "x_mitre_domains": [
                "enterprise-attack"
            ],
            "x_mitre_is_subtechnique": true,
            "x_mitre_platforms": [
                "Linux",
                "macOS",
                "Windows"
            ],
            "x_mitre_version": "1.4",
            "x_mitre_data_sources": [
                "Process: OS API Execution",
                "Group: Group Enumeration",
                "Process: Process Creation",
                "Command: Command Execution",
                "File: File Access"
            ],
            "type": "attack-pattern",
            "id": "attack-pattern--25659dd6-ea12-45c4-97e6-381e3e4b593e",
            "created": "2020-02-21T21:07:55.393Z",
            "created_by_ref": "identity--c78cb6e5-0c4b-4611-8297-d1b8b55e40b5",
            "revoked": false,
            "external_references": [
                {
                    "source_name": "mitre-attack",
                    "url": "https://attack.mitre.org/techniques/T1087/001",
                    "external_id": "T1087.001"
                },
                {
                    "source_name": "id man page",
                    "description": "MacKenzie, D. and Robbins, A. (n.d.). id(1) - Linux man page. Retrieved January 11, 2024.",
                    "url": "https://linux.die.net/man/1/id"
                },
                {
                    "source_name": "groups man page",
                    "description": "MacKenzie, D. and Youngman, J. (n.d.). groups(1) - Linux man page. Retrieved January 11, 2024.",
                    "url": "https://linux.die.net/man/1/groups"
                },
                {
                    "source_name": "Mandiant APT1",
                    "description": "Mandiant. (n.d.). APT1 Exposing One of China\u2019s Cyber Espionage Units. Retrieved July 18, 2016.",
                    "url": "https://www.fireeye.com/content/dam/fireeye-www/services/pdfs/mandiant-apt1-report.pdf"
                },
                {
                    "source_name": "Elastic - Koadiac Detection with EQL",
                    "description": "Stepanic, D.. (2020, January 13). Embracing offensive tooling: Building detections against Koadic using EQL. Retrieved November 30, 2020.",
                    "url": "https://www.elastic.co/blog/embracing-offensive-tooling-building-detections-against-koadic-using-eql"
                }
            ],
            "object_marking_refs": [
                "marking-definition--fa42a846-8d90-4e51-bc29-71d5b4802168"
            ],
            "x_mitre_attack_spec_version": "3.2.0",
            "x_mitre_modified_by_ref": "identity--c78cb6e5-0c4b-4611-8297-d1b8b55e40b5"
        }
    ]
}