{
    "type": "bundle",
    "id": "bundle--f907bc56-459a-493a-9b55-5c908a40d93e",
    "spec_version": "2.0",
    "objects": [
        {
            "x_mitre_platforms": [
                "Windows"
            ],
            "x_mitre_domains": [
                "enterprise-attack"
            ],
            "x_mitre_contributors": [
                "Oddvar Moe, @oddvarmoe"
            ],
            "object_marking_refs": [
                "marking-definition--fa42a846-8d90-4e51-bc29-71d5b4802168"
            ],
            "id": "attack-pattern--62166220-e498-410f-a90a-19d4339d4e99",
            "type": "attack-pattern",
            "created": "2018-01-16T16:13:52.465Z",
            "created_by_ref": "identity--c78cb6e5-0c4b-4611-8297-d1b8b55e40b5",
            "revoked": true,
            "external_references": [
                {
                    "source_name": "mitre-attack",
                    "external_id": "T1183",
                    "url": "https://attack.mitre.org/techniques/T1183"
                },
                {
                    "url": "https://blogs.msdn.microsoft.com/mithuns/2010/03/24/image-file-execution-options-ifeo/",
                    "description": "Shanbhag, M. (2010, March 24). Image File Execution Options (IFEO). Retrieved December 18, 2017.",
                    "source_name": "Microsoft Dev Blog IFEO Mar 2010"
                },
                {
                    "url": "https://docs.microsoft.com/windows-hardware/drivers/debugger/gflags-overview",
                    "description": "Microsoft. (2017, May 23). GFlags Overview. Retrieved December 18, 2017.",
                    "source_name": "Microsoft GFlags Mar 2017"
                },
                {
                    "url": "https://docs.microsoft.com/windows-hardware/drivers/debugger/registry-entries-for-silent-process-exit",
                    "description": "Marshall, D. & Griffin, S. (2017, November 28). Monitoring Silent Process Exit. Retrieved June 27, 2018.",
                    "source_name": "Microsoft Silent Process Exit NOV 2017"
                },
                {
                    "url": "https://oddvar.moe/2018/04/10/persistence-using-globalflags-in-image-file-execution-options-hidden-from-autoruns-exe/",
                    "description": "Moe, O. (2018, April 10). Persistence using GlobalFlags in Image File Execution Options - Hidden from Autoruns.exe. Retrieved June 27, 2018.",
                    "source_name": "Oddvar Moe IFEO APR 2018"
                },
                {
                    "url": "https://www.endgame.com/blog/technical-blog/ten-process-injection-techniques-technical-survey-common-and-trending-process",
                    "description": "Hosseini, A. (2017, July 18). Ten Process Injection Techniques: A Technical Survey Of Common And Trending Process Injection Techniques. Retrieved December 7, 2017.",
                    "source_name": "Elastic Process Injection July 2017"
                },
                {
                    "url": "https://www.f-secure.com/v-descs/backdoor_w32_hupigon_emv.shtml",
                    "description": "FSecure. (n.d.). Backdoor - W32/Hupigon.EMV - Threat Description. Retrieved December 18, 2017.",
                    "source_name": "FSecure Hupigon"
                },
                {
                    "url": "https://www.symantec.com/security_response/writeup.jsp?docid=2008-062807-2501-99&tabid=2",
                    "description": "Symantec. (2008, June 28). Trojan.Ushedix. Retrieved December 18, 2017.",
                    "source_name": "Symantec Ushedix June 2008"
                }
            ],
            "modified": "2020-11-10T18:29:30.417Z",
            "name": "Image File Execution Options Injection",
            "description": "Image File Execution Options (IFEO) enable a developer to attach a debugger to an application. When a process is created, a debugger present in an application\u2019s IFEO will be prepended to the application\u2019s name, effectively launching the new process under the debugger (e.g., \u201cC:\\dbg\\ntsd.exe -g  notepad.exe\u201d). (Citation: Microsoft Dev Blog IFEO Mar 2010)\n\nIFEOs can be set directly via the Registry or in Global Flags via the GFlags tool. (Citation: Microsoft GFlags Mar 2017) IFEOs are represented as <code>Debugger</code> values in the Registry under <code>HKLM\\SOFTWARE{\\Wow6432Node}\\Microsoft\\Windows NT\\CurrentVersion\\Image File Execution Options\\<executable></code> where <code><executable></code> is the binary on which the debugger is attached. (Citation: Microsoft Dev Blog IFEO Mar 2010)\n\nIFEOs can also enable an arbitrary monitor program to be launched when a specified program silently exits (i.e. is prematurely terminated by itself or a second, non kernel-mode process). (Citation: Microsoft Silent Process Exit NOV 2017) (Citation: Oddvar Moe IFEO APR 2018) Similar to debuggers, silent exit monitoring can be enabled through GFlags and/or by directly modifying IEFO and silent process exit Registry values in <code>HKEY_LOCAL_MACHINE\\SOFTWARE\\Microsoft\\Windows NT\\CurrentVersion\\SilentProcessExit\\</code>. (Citation: Microsoft Silent Process Exit NOV 2017) (Citation: Oddvar Moe IFEO APR 2018)\n\nAn example where the evil.exe process is started when notepad.exe exits: (Citation: Oddvar Moe IFEO APR 2018)\n\n* <code>reg add \"HKLM\\SOFTWARE\\Microsoft\\Windows NT\\CurrentVersion\\Image File Execution Options\\notepad.exe\" /v GlobalFlag /t REG_DWORD /d 512</code>\n* <code>reg add \"HKLM\\SOFTWARE\\Microsoft\\Windows NT\\CurrentVersion\\SilentProcessExit\\notepad.exe\" /v ReportingMode /t REG_DWORD /d 1</code>\n* <code>reg add \"HKLM\\SOFTWARE\\Microsoft\\Windows NT\\CurrentVersion\\SilentProcessExit\\notepad.exe\" /v MonitorProcess /d \"C:\\temp\\evil.exe\"</code>\n\nSimilar to [Process Injection](https://attack.mitre.org/techniques/T1055), these values may be abused to obtain persistence and privilege escalation by causing a malicious executable to be loaded and run in the context of separate processes on the computer. (Citation: Elastic Process Injection July 2017) Installing IFEO mechanisms may also provide Persistence via continuous invocation.\n\nMalware may also use IFEO for Defense Evasion by registering invalid debuggers that redirect and effectively disable various system and security applications. (Citation: FSecure Hupigon) (Citation: Symantec Ushedix June 2008)",
            "kill_chain_phases": [
                {
                    "kill_chain_name": "mitre-attack",
                    "phase_name": "privilege-escalation"
                },
                {
                    "kill_chain_name": "mitre-attack",
                    "phase_name": "persistence"
                },
                {
                    "kill_chain_name": "mitre-attack",
                    "phase_name": "defense-evasion"
                }
            ],
            "x_mitre_detection": "Monitor for common processes spawned under abnormal parents and/or with creation flags indicative of debugging such as <code>DEBUG_PROCESS</code> and <code>DEBUG_ONLY_THIS_PROCESS</code>. (Citation: Microsoft Dev Blog IFEO Mar 2010)\n\nMonitor Registry values associated with IFEOs, as well as silent process exit monitoring, for modifications that do not correlate with known software, patch cycles, etc. Monitor and analyze application programming interface (API) calls that are indicative of Registry edits such as RegCreateKeyEx and RegSetValueEx. (Citation: Elastic Process Injection July 2017)",
            "x_mitre_version": "1.0",
            "x_mitre_modified_by_ref": "identity--c78cb6e5-0c4b-4611-8297-d1b8b55e40b5",
            "x_mitre_defense_bypassed": [
                "Autoruns Analysis"
            ],
            "x_mitre_permissions_required": [
                "Administrator",
                "SYSTEM"
            ],
            "x_mitre_is_subtechnique": false
        }
    ]
}