{
    "type": "bundle",
    "id": "bundle--9f333863-897f-4427-ab1b-5c4ed6f7060a",
    "spec_version": "2.0",
    "objects": [
        {
            "x_mitre_platforms": [
                "PRE"
            ],
            "x_mitre_domains": [
                "enterprise-attack"
            ],
            "object_marking_refs": [
                "marking-definition--fa42a846-8d90-4e51-bc29-71d5b4802168"
            ],
            "id": "attack-pattern--2b5aa86b-a0df-4382-848d-30abea443327",
            "type": "attack-pattern",
            "created": "2020-10-15T02:59:38.628Z",
            "created_by_ref": "identity--c78cb6e5-0c4b-4611-8297-d1b8b55e40b5",
            "external_references": [
                {
                    "source_name": "mitre-attack",
                    "external_id": "T1588.006",
                    "url": "https://attack.mitre.org/techniques/T1588/006"
                },
                {
                    "source_name": "National Vulnerability Database",
                    "url": "https://nvd.nist.gov/",
                    "description": "National Vulnerability Database. (n.d.). National Vulnerability Database. Retrieved October 15, 2020."
                }
            ],
            "modified": "2021-04-15T03:16:32.119Z",
            "name": "Vulnerabilities",
            "description": "Adversaries may acquire information about vulnerabilities that can be used during targeting. A vulnerability is a weakness in computer hardware or software that can, potentially, be exploited by an adversary to cause unintended or unanticipated behavior to occur. Adversaries may find vulnerability information by searching open databases or gaining access to closed vulnerability databases.(Citation: National Vulnerability Database)\n\nAn adversary may monitor vulnerability disclosures/databases to understand the state of existing, as well as newly discovered, vulnerabilities. There is usually a delay between when a vulnerability is discovered and when it is made public. An adversary may target the systems of those known to conduct vulnerability research (including commercial vendors). Knowledge of a vulnerability may cause an adversary to search for an existing exploit (i.e. [Exploits](https://attack.mitre.org/techniques/T1588/005)) or to attempt to develop one themselves (i.e. [Exploits](https://attack.mitre.org/techniques/T1587/004)).",
            "kill_chain_phases": [
                {
                    "kill_chain_name": "mitre-attack",
                    "phase_name": "resource-development"
                }
            ],
            "x_mitre_detection": "Much of this activity will take place outside the visibility of the target organization, making detection of this behavior difficult. Detection efforts may be focused on behaviors relating to the potential use of exploits for vulnerabilities (i.e. [Exploit Public-Facing Application](https://attack.mitre.org/techniques/T1190), [Exploitation for Client Execution](https://attack.mitre.org/techniques/T1203), [Exploitation for Privilege Escalation](https://attack.mitre.org/techniques/T1068), [Exploitation for Defense Evasion](https://attack.mitre.org/techniques/T1211), [Exploitation for Credential Access](https://attack.mitre.org/techniques/T1212), [Exploitation of Remote Services](https://attack.mitre.org/techniques/T1210), and [Application or System Exploitation](https://attack.mitre.org/techniques/T1499/004)).",
            "x_mitre_is_subtechnique": true,
            "x_mitre_version": "1.0",
            "x_mitre_modified_by_ref": "identity--c78cb6e5-0c4b-4611-8297-d1b8b55e40b5"
        }
    ]
}