{
    "type": "bundle",
    "id": "bundle--67923c80-1775-44db-9b69-8876d9177d04",
    "spec_version": "2.0",
    "objects": [
        {
            "modified": "2024-09-30T15:14:56.021Z",
            "name": "Timestomp",
            "description": "Adversaries may modify file time attributes to hide new files or changes to existing files. Timestomping is a technique that modifies the timestamps of a file (the modify, access, create, and change times), often to mimic files that are in the same folder and blend malicious files with legitimate files.\n\nBoth the `$STANDARD_INFORMATION` (`$SI`) and `$FILE_NAME` (`$FN`) attributes record times in a Master File Table (MFT) file.(Citation: Inversecos Timestomping 2022) `$SI` (dates/time stamps) is displayed to the end user, including in the File System view, while `$FN` is dealt with by the kernel.(Citation: Magnet Forensics)\n\nModifying the `$SI` attribute is the most common method of timestomping because it can be modified at the user level using API calls. `$FN` timestomping, however, typically requires interacting with the system kernel or moving or renaming a file.(Citation: Inversecos Timestomping 2022)\n\nAdversaries modify timestamps on files so that they do not appear conspicuous to forensic investigators or file analysis tools. In order to evade detections that rely on identifying discrepancies between the `$SI` and `$FN` attributes, adversaries may also engage in \u201cdouble timestomping\u201d by modifying times on both attributes simultaneously.(Citation: Double Timestomping)\n\nTimestomping may be used along with file name [Masquerading](https://attack.mitre.org/techniques/T1036) to hide malware and tools.(Citation: WindowsIR Anti-Forensic Techniques)",
            "kill_chain_phases": [
                {
                    "kill_chain_name": "mitre-attack",
                    "phase_name": "defense-evasion"
                }
            ],
            "x_mitre_contributors": [
                "Romain Dumont, ESET",
                "Mike Hartley @mikehartley10"
            ],
            "x_mitre_deprecated": false,
            "x_mitre_detection": "Forensic techniques exist to detect aspects of files that have had their timestamps modified. (Citation: WindowsIR Anti-Forensic Techniques) It may be possible to detect timestomping using file modification monitoring that collects information on file handle opens and can compare timestamp values.",
            "x_mitre_domains": [
                "enterprise-attack"
            ],
            "x_mitre_is_subtechnique": true,
            "x_mitre_platforms": [
                "Linux",
                "macOS",
                "Windows"
            ],
            "x_mitre_version": "1.1",
            "x_mitre_data_sources": [
                "Process: OS API Execution",
                "File: File Modification",
                "File: File Metadata",
                "Command: Command Execution"
            ],
            "x_mitre_defense_bypassed": [
                "Host forensic analysis"
            ],
            "type": "attack-pattern",
            "id": "attack-pattern--47f2d673-ca62-47e9-929b-1b0be9657611",
            "created": "2020-01-31T12:42:44.103Z",
            "created_by_ref": "identity--c78cb6e5-0c4b-4611-8297-d1b8b55e40b5",
            "revoked": false,
            "external_references": [
                {
                    "source_name": "mitre-attack",
                    "url": "https://attack.mitre.org/techniques/T1070/006",
                    "external_id": "T1070.006"
                },
                {
                    "source_name": "WindowsIR Anti-Forensic Techniques",
                    "description": "Carvey, H. (2013, July 23). HowTo: Determine/Detect the use of Anti-Forensics Techniques. Retrieved June 3, 2016.",
                    "url": "http://windowsir.blogspot.com/2013/07/howto-determinedetect-use-of-anti.html"
                },
                {
                    "source_name": "Inversecos Timestomping 2022",
                    "description": "Lina Lau. (2022, April 28). Defence Evasion Technique: Timestomping Detection \u2013 NTFS Forensics. Retrieved September 30, 2024.",
                    "url": "https://www.inversecos.com/2022/04/defence-evasion-technique-timestomping.html"
                },
                {
                    "source_name": "Magnet Forensics",
                    "description": "Magnet Forensics. (2020, August 24). Expose Evidence of Timestomping with the NTFS Timestamp Mismatch Artifact. Retrieved June 20, 2024.",
                    "url": "https://www.magnetforensics.com/blog/expose-evidence-of-timestomping-with-the-ntfs-timestamp-mismatch-artifact-in-magnet-axiom-4-4/"
                },
                {
                    "source_name": "Double Timestomping",
                    "description": "Matthew Dunwoody. (2022, April 28). I have seen double-timestomping ITW, including by APT29. Stay sharp out there.. Retrieved June 20, 2024.",
                    "url": "https://x.com/matthewdunwoody/status/1519846657646604289"
                }
            ],
            "object_marking_refs": [
                "marking-definition--fa42a846-8d90-4e51-bc29-71d5b4802168"
            ],
            "x_mitre_attack_spec_version": "3.2.0",
            "x_mitre_modified_by_ref": "identity--c78cb6e5-0c4b-4611-8297-d1b8b55e40b5"
        }
    ]
}