{
    "type": "bundle",
    "id": "bundle--b0a3905b-650c-4b8a-b54e-1b37fa6a501a",
    "spec_version": "2.0",
    "objects": [
        {
            "modified": "2024-02-26T14:21:37.818Z",
            "name": "Remote Service Session Hijacking",
            "description": "Adversaries may take control of preexisting sessions with remote services to move laterally in an environment. Users may use valid credentials to log into a service specifically designed to accept remote connections, such as telnet, SSH, and RDP. When a user logs into a service, a session will be established that will allow them to maintain a continuous interaction with that service.\n\nAdversaries may commandeer these sessions to carry out actions on remote systems. [Remote Service Session Hijacking](https://attack.mitre.org/techniques/T1563) differs from use of [Remote Services](https://attack.mitre.org/techniques/T1021) because it hijacks an existing session rather than creating a new session using [Valid Accounts](https://attack.mitre.org/techniques/T1078).(Citation: RDP Hijacking Medium)(Citation: Breach Post-mortem SSH Hijack)",
            "kill_chain_phases": [
                {
                    "kill_chain_name": "mitre-attack",
                    "phase_name": "lateral-movement"
                }
            ],
            "x_mitre_deprecated": false,
            "x_mitre_detection": "Use of these services may be legitimate, depending upon the network environment and how it is used. Other factors, such as access patterns and activity that occurs after a remote login, may indicate suspicious or malicious behavior with that service. Monitor for user accounts logged into systems they would not normally access or access patterns to multiple systems over a relatively short period of time.\n\nMonitor for processes and command-line arguments associated with hijacking service sessions.",
            "x_mitre_domains": [
                "enterprise-attack"
            ],
            "x_mitre_is_subtechnique": false,
            "x_mitre_platforms": [
                "Linux",
                "macOS",
                "Windows"
            ],
            "x_mitre_version": "1.1",
            "x_mitre_data_sources": [
                "Network Traffic: Network Traffic Flow",
                "Network Traffic: Network Traffic Content",
                "Command: Command Execution",
                "Process: Process Creation",
                "Logon Session: Logon Session Creation"
            ],
            "type": "attack-pattern",
            "id": "attack-pattern--5b0ad6f8-6a16-4966-a4ef-d09ea6e2a9f5",
            "created": "2020-02-25T18:26:16.994Z",
            "created_by_ref": "identity--c78cb6e5-0c4b-4611-8297-d1b8b55e40b5",
            "revoked": false,
            "external_references": [
                {
                    "source_name": "mitre-attack",
                    "url": "https://attack.mitre.org/techniques/T1563",
                    "external_id": "T1563"
                },
                {
                    "source_name": "RDP Hijacking Medium",
                    "description": "Beaumont, K. (2017, March 19). RDP hijacking\u200a\u2014\u200ahow to hijack RDS and RemoteApp sessions transparently to move through an organisation. Retrieved December 11, 2017.",
                    "url": "https://medium.com/@networksecurity/rdp-hijacking-how-to-hijack-rds-and-remoteapp-sessions-transparently-to-move-through-an-da2a1e73a5f6"
                },
                {
                    "source_name": "Breach Post-mortem SSH Hijack",
                    "description": "Hodgson, M. (2019, May 8). Post-mortem and remediations for Apr 11 security incident. Retrieved February 17, 2020.",
                    "url": "https://matrix.org/blog/2019/05/08/post-mortem-and-remediations-for-apr-11-security-incident"
                }
            ],
            "object_marking_refs": [
                "marking-definition--fa42a846-8d90-4e51-bc29-71d5b4802168"
            ],
            "x_mitre_attack_spec_version": "3.2.0",
            "x_mitre_modified_by_ref": "identity--c78cb6e5-0c4b-4611-8297-d1b8b55e40b5"
        }
    ]
}