{
    "type": "bundle",
    "id": "bundle--6f495812-bd56-4f95-bf1e-193fd43300dc",
    "spec_version": "2.0",
    "objects": [
        {
            "x_mitre_platforms": [
                "Linux",
                "macOS",
                "Windows",
                "Network"
            ],
            "x_mitre_domains": [
                "enterprise-attack"
            ],
            "x_mitre_contributors": [
                "Jon Sheedy",
                "Heather Linn",
                "Walker Johnson"
            ],
            "object_marking_refs": [
                "marking-definition--fa42a846-8d90-4e51-bc29-71d5b4802168"
            ],
            "id": "attack-pattern--731f4f55-b6d0-41d1-a7a9-072a66389aea",
            "type": "attack-pattern",
            "created": "2017-05-31T21:31:08.479Z",
            "created_by_ref": "identity--c78cb6e5-0c4b-4611-8297-d1b8b55e40b5",
            "external_references": [
                {
                    "source_name": "mitre-attack",
                    "external_id": "T1090",
                    "url": "https://attack.mitre.org/techniques/T1090"
                },
                {
                    "url": "http://blog.trendmicro.com/trendlabs-security-intelligence/in-depth-look-apt-attack-tools-of-the-trade/",
                    "description": "Wilhoit, K. (2013, March 4). In-Depth Look: APT Attack Tools of the Trade. Retrieved December 2, 2015.",
                    "source_name": "Trend Micro APT Attack Tools"
                },
                {
                    "url": "https://arxiv.org/ftp/arxiv/papers/1408/1408.1136.pdf",
                    "description": "Gardiner, J.,  Cova, M., Nagaraja, S. (2014, February). Command & Control Understanding, Denying and Detecting. Retrieved April 20, 2016.",
                    "source_name": "University of Birmingham C2"
                }
            ],
            "modified": "2021-08-30T19:16:11.648Z",
            "name": "Proxy",
            "description": "Adversaries may use a connection proxy to direct network traffic between systems or act as an intermediary for network communications to a command and control server to avoid direct connections to their infrastructure. Many tools exist that enable traffic redirection through proxies or port redirection, including [HTRAN](https://attack.mitre.org/software/S0040), ZXProxy, and ZXPortMap. (Citation: Trend Micro APT Attack Tools) Adversaries use these types of proxies to manage command and control communications, reduce the number of simultaneous outbound network connections, provide resiliency in the face of connection loss, or to ride over existing trusted communications paths between victims to avoid suspicion. Adversaries may chain together multiple proxies to further disguise the source of malicious traffic.\n\nAdversaries can also take advantage of routing schemes in Content Delivery Networks (CDNs) to proxy command and control traffic.",
            "kill_chain_phases": [
                {
                    "kill_chain_name": "mitre-attack",
                    "phase_name": "command-and-control"
                }
            ],
            "x_mitre_detection": "Analyze network data for uncommon data flows (e.g., a client sending significantly more data than it receives from a server or between clients that should not or often do not communicate with one another). Processes utilizing the network that do not normally have network communication or have never been seen before are suspicious. Analyze packet contents to detect communications that do not follow the expected protocol behavior for the port that is being used. (Citation: University of Birmingham C2)\n\nConsider monitoring for traffic to known anonymity networks (such as [Tor](https://attack.mitre.org/software/S0183)).",
            "x_mitre_version": "3.1",
            "x_mitre_modified_by_ref": "identity--c78cb6e5-0c4b-4611-8297-d1b8b55e40b5",
            "x_mitre_data_sources": [
                "Network Traffic: Network Traffic Flow",
                "Network Traffic: Network Traffic Content",
                "Network Traffic: Network Connection Creation"
            ],
            "x_mitre_is_subtechnique": false
        }
    ]
}