{
    "type": "bundle",
    "id": "bundle--1d459c14-b306-4501-b569-9ae005f5e7fa",
    "spec_version": "2.0",
    "objects": [
        {
            "x_mitre_platforms": [
                "Linux",
                "macOS",
                "Windows"
            ],
            "x_mitre_domains": [
                "enterprise-attack"
            ],
            "x_mitre_contributors": [
                "Itzik Kotler, SafeBreach"
            ],
            "object_marking_refs": [
                "marking-definition--fa42a846-8d90-4e51-bc29-71d5b4802168"
            ],
            "id": "attack-pattern--56ff457d-5e39-492b-974c-dfd2b8603ffe",
            "type": "attack-pattern",
            "created": "2017-12-14T16:46:06.044Z",
            "created_by_ref": "identity--c78cb6e5-0c4b-4611-8297-d1b8b55e40b5",
            "revoked": true,
            "external_references": [
                {
                    "source_name": "mitre-attack",
                    "external_id": "T1145",
                    "url": "https://attack.mitre.org/techniques/T1145"
                },
                {
                    "url": "https://en.wikipedia.org/wiki/Public-key_cryptography",
                    "description": "Wikipedia. (2017, June 29). Public-key cryptography. Retrieved July 5, 2017.",
                    "source_name": "Wikipedia Public Key Crypto"
                },
                {
                    "url": "https://kasperskycontenthub.com/wp-content/uploads/sites/43/vlpdfs/unveilingthemask_v1.0.pdf",
                    "description": "Kaspersky Labs. (2014, February 11). Unveiling \u201cCareto\u201d - The Masked APT. Retrieved July 5, 2017.",
                    "source_name": "Kaspersky Careto"
                },
                {
                    "url": "https://researchcenter.paloaltonetworks.com/2016/06/unit42-prince-of-persia-game-over/",
                    "description": "Bar, T., Conant, S., Efraim, L. (2016, June 28). Prince of Persia \u2013 Game Over. Retrieved July 5, 2017.",
                    "source_name": "Palo Alto Prince of Persia"
                }
            ],
            "modified": "2020-02-18T16:51:57.775Z",
            "name": "Private Keys",
            "description": "Private cryptographic keys and certificates are used for authentication, encryption/decryption, and digital signatures. (Citation: Wikipedia Public Key Crypto)\n\nAdversaries may gather private keys from compromised systems for use in authenticating to [Remote Services](https://attack.mitre.org/techniques/T1021) like SSH or for use in decrypting other collected files such as email. Common key and certificate file extensions include: .key, .pgp, .gpg, .ppk., .p12, .pem, .pfx, .cer, .p7b, .asc. Adversaries may also look in common key directories, such as <code>~/.ssh</code> for SSH keys on * nix-based systems or <code>C:\\Users\\(username)\\.ssh\\</code> on Windows.\n\nPrivate keys should require a password or passphrase for operation, so an adversary may also use [Input Capture](https://attack.mitre.org/techniques/T1056) for keylogging or attempt to [Brute Force](https://attack.mitre.org/techniques/T1110) the passphrase off-line.\n\nAdversary tools have been discovered that search compromised systems for file extensions relating to cryptographic keys and certificates. (Citation: Kaspersky Careto) (Citation: Palo Alto Prince of Persia)",
            "kill_chain_phases": [
                {
                    "kill_chain_name": "mitre-attack",
                    "phase_name": "credential-access"
                }
            ],
            "x_mitre_detection": "Monitor access to files and directories related to cryptographic keys and certificates as a means for potentially detecting access patterns that may indicate collection and exfiltration activity. Collect authentication logs and look for potentially abnormal activity that may indicate improper use of keys or certificates for remote authentication.",
            "x_mitre_version": "1.0",
            "x_mitre_modified_by_ref": "identity--c78cb6e5-0c4b-4611-8297-d1b8b55e40b5",
            "x_mitre_permissions_required": [
                "User"
            ],
            "x_mitre_is_subtechnique": false
        }
    ]
}