{
    "type": "bundle",
    "id": "bundle--d45454fe-43d7-4e62-adfe-c2638eb53582",
    "spec_version": "2.0",
    "objects": [
        {
            "modified": "2023-03-30T21:01:37.205Z",
            "name": "Video Capture",
            "description": "An adversary can leverage a computer's peripheral devices (e.g., integrated cameras or webcams) or applications (e.g., video call services) to capture video recordings for the purpose of gathering information. Images may also be captured from devices or applications, potentially in specified intervals, in lieu of video files.\n\nMalware or scripts may be used to interact with the devices through an available API provided by the operating system or an application to capture video or images. Video or image files may be written to disk and exfiltrated later. This technique differs from [Screen Capture](https://attack.mitre.org/techniques/T1113) due to use of specific devices or applications for video recording rather than capturing the victim's screen.\n\nIn macOS, there are a few different malware samples that record the user's webcam such as FruitFly and Proton. (Citation: objective-see 2017 review)",
            "kill_chain_phases": [
                {
                    "kill_chain_name": "mitre-attack",
                    "phase_name": "collection"
                }
            ],
            "x_mitre_contributors": [
                "Praetorian"
            ],
            "x_mitre_detection": "Detection of this technique may be difficult due to the various APIs that may be used. Telemetry data regarding API use may not be useful depending on how a system is normally used, but may provide context to other potentially malicious activity occurring on a system.\n\nBehavior that could indicate technique use include an unknown or unusual process accessing APIs associated with devices or software that interact with the video camera, recording devices, or recording software, and a process periodically writing files to disk that contain video or camera image data.",
            "x_mitre_domains": [
                "enterprise-attack"
            ],
            "x_mitre_modified_by_ref": "identity--c78cb6e5-0c4b-4611-8297-d1b8b55e40b5",
            "x_mitre_platforms": [
                "Windows",
                "macOS",
                "Linux"
            ],
            "x_mitre_version": "1.1",
            "x_mitre_data_sources": [
                "Process: OS API Execution",
                "Command: Command Execution"
            ],
            "x_mitre_permissions_required": [
                "User"
            ],
            "type": "attack-pattern",
            "id": "attack-pattern--6faf650d-bf31-4eb4-802d-1000cf38efaf",
            "created": "2017-05-31T21:31:37.917Z",
            "created_by_ref": "identity--c78cb6e5-0c4b-4611-8297-d1b8b55e40b5",
            "external_references": [
                {
                    "source_name": "mitre-attack",
                    "url": "https://attack.mitre.org/techniques/T1125",
                    "external_id": "T1125"
                },
                {
                    "source_name": "objective-see 2017 review",
                    "description": "Patrick Wardle. (n.d.). Retrieved March 20, 2018.",
                    "url": "https://objective-see.com/blog/blog_0x25.html"
                }
            ],
            "object_marking_refs": [
                "marking-definition--fa42a846-8d90-4e51-bc29-71d5b4802168"
            ],
            "x_mitre_attack_spec_version": "3.1.0",
            "x_mitre_is_subtechnique": false
        }
    ]
}