{
    "type": "bundle",
    "id": "bundle--a3e4416e-feb7-4871-ba64-4bcbeb9c5e43",
    "spec_version": "2.0",
    "objects": [
        {
            "modified": "2024-08-13T15:49:17.591Z",
            "name": "LSA Secrets",
            "description": "Adversaries with SYSTEM access to a host may attempt to access Local Security Authority (LSA) secrets, which can contain a variety of different credential materials, such as credentials for service accounts.(Citation: Passcape LSA Secrets)(Citation: Microsoft AD Admin Tier Model)(Citation: Tilbury Windows Credentials) LSA secrets are stored in the registry at <code>HKEY_LOCAL_MACHINE\\SECURITY\\Policy\\Secrets</code>. LSA secrets can also be dumped from memory.(Citation: ired Dumping LSA Secrets)\n\n[Reg](https://attack.mitre.org/software/S0075) can be used to extract from the Registry. [Mimikatz](https://attack.mitre.org/software/S0002) can be used to extract secrets from memory.(Citation: ired Dumping LSA Secrets)",
            "kill_chain_phases": [
                {
                    "kill_chain_name": "mitre-attack",
                    "phase_name": "credential-access"
                }
            ],
            "x_mitre_contributors": [
                "Ed Williams, Trustwave, SpiderLabs"
            ],
            "x_mitre_deprecated": false,
            "x_mitre_detection": "Monitor processes and command-line arguments for program execution that may be indicative of credential dumping. Remote access tools may contain built-in features or incorporate existing tools like Mimikatz. PowerShell scripts also exist that contain credential dumping functionality, such as PowerSploit's Invoke-Mimikatz module,(Citation: Powersploit) which may require additional logging features to be configured in the operating system to collect necessary information for analysis.",
            "x_mitre_domains": [
                "enterprise-attack"
            ],
            "x_mitre_is_subtechnique": true,
            "x_mitre_platforms": [
                "Windows"
            ],
            "x_mitre_version": "1.1",
            "x_mitre_data_sources": [
                "Windows Registry: Windows Registry Key Access",
                "Command: Command Execution"
            ],
            "type": "attack-pattern",
            "id": "attack-pattern--1ecfdab8-7d59-4c98-95d4-dc41970f57fc",
            "created": "2020-02-21T16:22:09.493Z",
            "created_by_ref": "identity--c78cb6e5-0c4b-4611-8297-d1b8b55e40b5",
            "revoked": false,
            "external_references": [
                {
                    "source_name": "mitre-attack",
                    "url": "https://attack.mitre.org/techniques/T1003/004",
                    "external_id": "T1003.004"
                },
                {
                    "source_name": "Tilbury Windows Credentials",
                    "description": "Chad Tilbury. (2017, August 8). 1Windows Credentials: Attack, Mitigation, Defense. Retrieved February 21, 2020.",
                    "url": "https://www.first.org/resources/papers/conf2017/Windows-Credentials-Attacks-and-Mitigation-Techniques.pdf"
                },
                {
                    "source_name": "ired Dumping LSA Secrets",
                    "description": "Mantvydas Baranauskas. (2019, November 16). Dumping LSA Secrets. Retrieved February 21, 2020.",
                    "url": "https://ired.team/offensive-security/credential-access-and-credential-dumping/dumping-lsa-secrets"
                },
                {
                    "source_name": "Microsoft AD Admin Tier Model",
                    "description": "Microsoft. (2019, February 14). Active Directory administrative tier model. Retrieved February 21, 2020.",
                    "url": "https://docs.microsoft.com/en-us/windows-server/identity/securing-privileged-access/securing-privileged-access-reference-material?redirectedfrom=MSDN"
                },
                {
                    "source_name": "Passcape LSA Secrets",
                    "description": "Passcape. (n.d.). Windows LSA secrets. Retrieved February 21, 2020.",
                    "url": "https://www.passcape.com/index.php?section=docsys&cmd=details&id=23"
                },
                {
                    "source_name": "Powersploit",
                    "description": "PowerSploit. (n.d.). Retrieved December 4, 2014.",
                    "url": "https://github.com/mattifestation/PowerSploit"
                }
            ],
            "object_marking_refs": [
                "marking-definition--fa42a846-8d90-4e51-bc29-71d5b4802168"
            ],
            "x_mitre_attack_spec_version": "3.2.0",
            "x_mitre_modified_by_ref": "identity--c78cb6e5-0c4b-4611-8297-d1b8b55e40b5"
        }
    ]
}