{
    "type": "bundle",
    "id": "bundle--2f53d270-2291-481b-8d97-348e94c727ef",
    "spec_version": "2.0",
    "objects": [
        {
            "x_mitre_platforms": [
                "Windows",
                "Linux",
                "macOS"
            ],
            "x_mitre_domains": [
                "enterprise-attack"
            ],
            "object_marking_refs": [
                "marking-definition--fa42a846-8d90-4e51-bc29-71d5b4802168"
            ],
            "id": "attack-pattern--791481f8-e96a-41be-b089-a088763083d4",
            "type": "attack-pattern",
            "created": "2019-12-19T20:21:21.669Z",
            "created_by_ref": "identity--c78cb6e5-0c4b-4611-8297-d1b8b55e40b5",
            "external_references": [
                {
                    "source_name": "mitre-attack",
                    "external_id": "T1542.002",
                    "url": "https://attack.mitre.org/techniques/T1542/002"
                },
                {
                    "description": "SanDisk. (n.d.). Self-Monitoring, Analysis and Reporting Technology (S.M.A.R.T.). Retrieved October 2, 2018.",
                    "source_name": "SanDisk SMART"
                },
                {
                    "url": "https://www.smartmontools.org/",
                    "description": "smartmontools. (n.d.). smartmontools. Retrieved October 2, 2018.",
                    "source_name": "SmartMontools"
                },
                {
                    "url": "https://www.itworld.com/article/2853992/3-tools-to-check-your-hard-drives-health-and-make-sure-its-not-already-dying-on-you.html",
                    "description": "Pinola, M. (2014, December 14). 3 tools to check your hard drive's health and make sure it's not already dying on you. Retrieved October 2, 2018.",
                    "source_name": "ITWorld Hard Disk Health Dec 2014"
                }
            ],
            "modified": "2022-04-01T20:43:55.632Z",
            "name": "Component Firmware",
            "description": "Adversaries may modify component firmware to persist on systems. Some adversaries may employ sophisticated means to compromise computer components and install malicious firmware that will execute adversary code outside of the operating system and main system firmware or BIOS. This technique may be similar to [System Firmware](https://attack.mitre.org/techniques/T1542/001) but conducted upon other system components/devices that may not have the same capability or level of integrity checking.\n\nMalicious component firmware could provide both a persistent level of access to systems despite potential typical failures to maintain access and hard disk re-images, as well as a way to evade host software-based defenses and integrity checks.",
            "kill_chain_phases": [
                {
                    "kill_chain_name": "mitre-attack",
                    "phase_name": "persistence"
                },
                {
                    "kill_chain_name": "mitre-attack",
                    "phase_name": "defense-evasion"
                }
            ],
            "x_mitre_detection": "Data and telemetry from use of device drivers (i.e. processes and API calls) and/or provided by SMART (Self-Monitoring, Analysis and Reporting Technology) disk monitoring may reveal malicious manipulations of components.(Citation: SanDisk SMART)(Citation: SmartMontools) Otherwise, this technique may be difficult to detect since malicious activity is taking place on system components possibly outside the purview of OS security and integrity mechanisms.\n\nDisk check and forensic utilities may reveal indicators of malicious firmware such as strings, unexpected disk partition table entries, or blocks of otherwise unusual memory that warrant deeper investigation.(Citation: ITWorld Hard Disk Health Dec 2014) Also consider comparing components, including hashes of component firmware and behavior, against known good images.",
            "x_mitre_is_subtechnique": true,
            "x_mitre_version": "1.1",
            "x_mitre_modified_by_ref": "identity--c78cb6e5-0c4b-4611-8297-d1b8b55e40b5",
            "x_mitre_data_sources": [
                "Firmware: Firmware Modification",
                "Process: OS API Execution",
                "Driver: Driver Metadata"
            ],
            "x_mitre_defense_bypassed": [
                "Anti-virus",
                "Host intrusion prevention systems",
                "File monitoring"
            ],
            "x_mitre_permissions_required": [
                "SYSTEM"
            ],
            "x_mitre_system_requirements": [
                "Ability to update component device firmware from the host operating system."
            ]
        }
    ]
}