{
    "type": "bundle",
    "id": "bundle--8feff624-3a22-4b10-9d15-b1e561d96e7d",
    "spec_version": "2.0",
    "objects": [
        {
            "modified": "2024-09-12T19:35:43.077Z",
            "name": "CMSTP",
            "description": "Adversaries may abuse CMSTP to proxy execution of malicious code. The Microsoft Connection Manager Profile Installer (CMSTP.exe) is a command-line program used to install Connection Manager service profiles. (Citation: Microsoft Connection Manager Oct 2009) CMSTP.exe accepts an installation information file (INF) as a parameter and installs a service profile leveraged for remote access connections.\n\nAdversaries may supply CMSTP.exe with INF files infected with malicious commands. (Citation: Twitter CMSTP Usage Jan 2018) Similar to [Regsvr32](https://attack.mitre.org/techniques/T1218/010) / \u201dSquiblydoo\u201d, CMSTP.exe may be abused to load and execute DLLs (Citation: MSitPros CMSTP Aug 2017)  and/or COM scriptlets (SCT) from remote servers. (Citation: Twitter CMSTP Jan 2018) (Citation: GitHub Ultimate AppLocker Bypass List) (Citation: Endurant CMSTP July 2018) This execution may also bypass AppLocker and other application control defenses since CMSTP.exe is a legitimate binary that may be signed by Microsoft.\n\nCMSTP.exe can also be abused to [Bypass User Account Control](https://attack.mitre.org/techniques/T1548/002) and execute arbitrary commands from a malicious INF through an auto-elevated COM interface. (Citation: MSitPros CMSTP Aug 2017) (Citation: GitHub Ultimate AppLocker Bypass List) (Citation: Endurant CMSTP July 2018)",
            "kill_chain_phases": [
                {
                    "kill_chain_name": "mitre-attack",
                    "phase_name": "defense-evasion"
                }
            ],
            "x_mitre_contributors": [
                "Nik Seetharaman, Palantir",
                "Ye Yint Min Thu Htut, Offensive Security Team, DBS Bank"
            ],
            "x_mitre_deprecated": false,
            "x_mitre_detection": "Use process monitoring to detect and analyze the execution and arguments of CMSTP.exe. Compare recent invocations of CMSTP.exe with prior history of known good arguments and loaded files to determine anomalous and potentially adversarial activity.\n\nSysmon events can also be used to identify potential abuses of CMSTP.exe. Detection strategy may depend on the specific adversary procedure, but potential rules include: (Citation: Endurant CMSTP July 2018)\n\n* To detect loading and execution of local/remote payloads - Event 1 (Process creation) where ParentImage contains CMSTP.exe and/or Event 3 (Network connection) where Image contains CMSTP.exe and DestinationIP is external.\n* To detect [Bypass User Account Control](https://attack.mitre.org/techniques/T1548/002) via an auto-elevated COM interface - Event 10 (ProcessAccess) where CallTrace contains CMLUA.dll and/or Event 12 or 13 (RegistryEvent) where TargetObject contains CMMGR32.exe. Also monitor for events, such as the creation of processes (Sysmon Event 1), that involve auto-elevated CMSTP COM interfaces such as CMSTPLUA (3E5FC7F9-9A51-4367-9063-A120244FBEC7) and CMLUAUTIL (3E000D72-A845-4CD9-BD83-80C07C3B881F).",
            "x_mitre_domains": [
                "enterprise-attack"
            ],
            "x_mitre_is_subtechnique": true,
            "x_mitre_platforms": [
                "Windows"
            ],
            "x_mitre_version": "2.1",
            "x_mitre_data_sources": [
                "Network Traffic: Network Connection Creation",
                "Command: Command Execution",
                "Process: Process Creation"
            ],
            "x_mitre_defense_bypassed": [
                "Anti-virus",
                "Application control"
            ],
            "type": "attack-pattern",
            "id": "attack-pattern--4cbc6a62-9e34-4f94-8a19-5c1a11392a49",
            "created": "2020-01-23T18:27:30.656Z",
            "created_by_ref": "identity--c78cb6e5-0c4b-4611-8297-d1b8b55e40b5",
            "revoked": false,
            "external_references": [
                {
                    "source_name": "mitre-attack",
                    "url": "https://attack.mitre.org/techniques/T1218/003",
                    "external_id": "T1218.003"
                },
                {
                    "source_name": "Twitter CMSTP Usage Jan 2018",
                    "description": "Carr, N. (2018, January 31). Here is some early bad cmstp.exe... Retrieved September 12, 2024.",
                    "url": "https://x.com/ItsReallyNick/status/958789644165894146"
                },
                {
                    "source_name": "Microsoft Connection Manager Oct 2009",
                    "description": "Microsoft. (2009, October 8). How Connection Manager Works. Retrieved April 11, 2018.",
                    "url": "https://docs.microsoft.com/previous-versions/windows/it-pro/windows-server-2003/cc786431(v=ws.10)"
                },
                {
                    "source_name": "MSitPros CMSTP Aug 2017",
                    "description": "Moe, O. (2017, August 15). Research on CMSTP.exe. Retrieved April 11, 2018.",
                    "url": "https://msitpros.com/?p=3960"
                },
                {
                    "source_name": "GitHub Ultimate AppLocker Bypass List",
                    "description": "Moe, O. (2018, March 1). Ultimate AppLocker Bypass List. Retrieved April 10, 2018.",
                    "url": "https://github.com/api0cradle/UltimateAppLockerByPassList"
                },
                {
                    "source_name": "Endurant CMSTP July 2018",
                    "description": "Seetharaman, N. (2018, July 7). Detecting CMSTP-Enabled Code Execution and UAC Bypass With Sysmon.. Retrieved August 6, 2018.",
                    "url": "http://www.endurant.io/cmstp/detecting-cmstp-enabled-code-execution-and-uac-bypass-with-sysmon/"
                },
                {
                    "source_name": "Twitter CMSTP Jan 2018",
                    "description": "Tyrer, N. (2018, January 30). CMSTP.exe - remote .sct execution applocker bypass. Retrieved September 12, 2024.",
                    "url": "https://x.com/NickTyrer/status/958450014111633408"
                }
            ],
            "object_marking_refs": [
                "marking-definition--fa42a846-8d90-4e51-bc29-71d5b4802168"
            ],
            "x_mitre_attack_spec_version": "3.2.0",
            "x_mitre_modified_by_ref": "identity--c78cb6e5-0c4b-4611-8297-d1b8b55e40b5"
        }
    ]
}