{
    "type": "bundle",
    "id": "bundle--b0e5de51-7577-4189-b523-a424c5522b60",
    "spec_version": "2.0",
    "objects": [
        {
            "modified": "2024-10-15T16:07:36.903Z",
            "name": "Taint Shared Content",
            "description": "\nAdversaries may deliver payloads to remote systems by adding content to shared storage locations, such as network drives or internal code repositories. Content stored on network drives or in other shared locations may be tainted by adding malicious programs, scripts, or exploit code to otherwise valid files. Once a user opens the shared tainted content, the malicious portion can be executed to run the adversary's code on a remote system. Adversaries may use tainted shared content to move laterally.\n\nA directory share pivot is a variation on this technique that uses several other techniques to propagate malware when users access a shared network directory. It uses [Shortcut Modification](https://attack.mitre.org/techniques/T1547/009) of directory .LNK files that use [Masquerading](https://attack.mitre.org/techniques/T1036) to look like the real directories, which are hidden through [Hidden Files and Directories](https://attack.mitre.org/techniques/T1564/001). The malicious .LNK-based directories have an embedded command that executes the hidden malware file in the directory and then opens the real intended directory so that the user's expected action still occurs. When used with frequently used network directories, the technique may result in frequent reinfections and broad access to systems and potentially to new and higher privileged accounts. (Citation: Retwin Directory Share Pivot)\n\nAdversaries may also compromise shared network directories through binary infections by appending or prepending its code to the healthy binary on the shared network directory. The malware may modify the original entry point (OEP) of the healthy binary to ensure that it is executed before the legitimate code. The infection could continue to spread via the newly infected file when it is executed by a remote system. These infections may target both binary and non-binary formats that end with extensions including, but not limited to, .EXE, .DLL, .SCR, .BAT, and/or .VBS.",
            "kill_chain_phases": [
                {
                    "kill_chain_name": "mitre-attack",
                    "phase_name": "lateral-movement"
                }
            ],
            "x_mitre_contributors": [
                "Michal Dida, ESET",
                "David Routin"
            ],
            "x_mitre_deprecated": false,
            "x_mitre_detection": "Processes that write or overwrite many files to a network shared directory may be suspicious. Monitor processes that are executed from removable media for malicious or abnormal activity such as network connections due to Command and Control and possible network Discovery techniques.\n\nFrequently scan shared network directories for malicious files, hidden files, .LNK files, and other file types that may not typical exist in directories used to share specific types of content.",
            "x_mitre_domains": [
                "enterprise-attack"
            ],
            "x_mitre_is_subtechnique": false,
            "x_mitre_platforms": [
                "Windows",
                "SaaS",
                "Linux",
                "macOS",
                "Office Suite"
            ],
            "x_mitre_version": "1.5",
            "x_mitre_data_sources": [
                "Network Share: Network Share Access",
                "Process: Process Creation",
                "File: File Modification",
                "File: File Creation"
            ],
            "x_mitre_system_requirements": [
                "Access to shared folders and content with write permissions"
            ],
            "type": "attack-pattern",
            "id": "attack-pattern--246fd3c7-f5e3-466d-8787-4c13d9e3b61c",
            "created": "2017-05-31T21:31:01.759Z",
            "created_by_ref": "identity--c78cb6e5-0c4b-4611-8297-d1b8b55e40b5",
            "revoked": false,
            "external_references": [
                {
                    "source_name": "mitre-attack",
                    "url": "https://attack.mitre.org/techniques/T1080",
                    "external_id": "T1080"
                },
                {
                    "source_name": "Retwin Directory Share Pivot",
                    "description": "Routin, D. (2017, November 13). Abusing network shares for efficient lateral movements and privesc (DirSharePivot). Retrieved April 12, 2018.",
                    "url": "https://rewtin.blogspot.ch/2017/11/abusing-user-shares-for-efficient.html"
                }
            ],
            "object_marking_refs": [
                "marking-definition--fa42a846-8d90-4e51-bc29-71d5b4802168"
            ],
            "x_mitre_attack_spec_version": "3.2.0",
            "x_mitre_modified_by_ref": "identity--c78cb6e5-0c4b-4611-8297-d1b8b55e40b5"
        }
    ]
}