{
    "type": "bundle",
    "id": "bundle--31b845dc-1dc1-471f-897c-75622a3310ee",
    "spec_version": "2.0",
    "objects": [
        {
            "modified": "2023-09-08T21:03:35.477Z",
            "name": "Spearphishing Voice",
            "description": "Adversaries may use voice communications to elicit sensitive information that can be used during targeting. Spearphishing for information is an attempt to trick targets into divulging information, frequently credentials or other actionable information. Spearphishing for information frequently involves social engineering techniques, such as posing as a source with a reason to collect information (ex: [Impersonation](https://attack.mitre.org/techniques/T1656)) and/or creating a sense of urgency or alarm for the recipient.\n\nAll forms of phishing are electronically delivered social engineering. In this scenario, adversaries use phone calls to elicit sensitive information from victims. Known as voice phishing (or \"vishing\"), these communications can be manually executed by adversaries, hired call centers, or even automated via robocalls. Voice phishers may spoof their phone number while also posing as a trusted entity, such as a business partner or technical support staff.(Citation: BOA Telephone Scams)\n\nVictims may also receive phishing messages that direct them to call a phone number (\"callback phishing\") where the adversary attempts to collect confidential information.(Citation: Avertium callback phishing)\n\nAdversaries may also use information from previous reconnaissance efforts (ex: [Search Open Websites/Domains](https://attack.mitre.org/techniques/T1593) or [Search Victim-Owned Websites](https://attack.mitre.org/techniques/T1594)) to tailor pretexts to be even more persuasive and believable for the victim.",
            "kill_chain_phases": [
                {
                    "kill_chain_name": "mitre-attack",
                    "phase_name": "reconnaissance"
                }
            ],
            "x_mitre_deprecated": false,
            "x_mitre_detection": "",
            "x_mitre_domains": [
                "enterprise-attack"
            ],
            "x_mitre_is_subtechnique": true,
            "x_mitre_platforms": [
                "PRE"
            ],
            "x_mitre_version": "1.0",
            "x_mitre_data_sources": [
                "Application Log: Application Log Content"
            ],
            "type": "attack-pattern",
            "id": "attack-pattern--6a5d222a-a7e0-4656-b110-782c33098289",
            "created": "2023-09-07T21:48:39.516Z",
            "created_by_ref": "identity--c78cb6e5-0c4b-4611-8297-d1b8b55e40b5",
            "revoked": false,
            "external_references": [
                {
                    "source_name": "mitre-attack",
                    "url": "https://attack.mitre.org/techniques/T1598/004",
                    "external_id": "T1598.004"
                },
                {
                    "source_name": "Avertium callback phishing",
                    "description": "Avertium. (n.d.). EVERYTHING YOU NEED TO KNOW ABOUT CALLBACK PHISHING. Retrieved February 2, 2023.",
                    "url": "https://www.avertium.com/resources/threat-reports/everything-you-need-to-know-about-callback-phishing"
                },
                {
                    "source_name": "BOA Telephone Scams",
                    "description": "Bank of America. (n.d.). How to avoid telephone scams. Retrieved September 8, 2023.",
                    "url": "https://business.bofa.com/en-us/content/what-is-vishing.html"
                }
            ],
            "object_marking_refs": [
                "marking-definition--fa42a846-8d90-4e51-bc29-71d5b4802168"
            ],
            "x_mitre_attack_spec_version": "3.1.0",
            "x_mitre_modified_by_ref": "identity--c78cb6e5-0c4b-4611-8297-d1b8b55e40b5"
        }
    ]
}