{
    "type": "bundle",
    "id": "bundle--d2b4666f-967a-4305-afa6-cd5ed21d08e5",
    "spec_version": "2.0",
    "objects": [
        {
            "modified": "2024-09-25T20:40:07.791Z",
            "name": "Automated Collection",
            "description": "Once established within a system or network, an adversary may use automated techniques for collecting internal data. Methods for performing this technique could include use of a [Command and Scripting Interpreter](https://attack.mitre.org/techniques/T1059) to search for and copy information fitting set criteria such as file type, location, or name at specific time intervals. \n\nIn cloud-based environments, adversaries may also use cloud APIs, data pipelines, command line interfaces, or extract, transform, and load (ETL) services to automatically collect data.(Citation: Mandiant UNC3944 SMS Phishing 2023) \n\nThis functionality could also be built into remote access tools. \n\nThis technique may incorporate use of other techniques such as [File and Directory Discovery](https://attack.mitre.org/techniques/T1083) and [Lateral Tool Transfer](https://attack.mitre.org/techniques/T1570) to identify and move files, as well as [Cloud Service Dashboard](https://attack.mitre.org/techniques/T1538) and [Cloud Storage Object Discovery](https://attack.mitre.org/techniques/T1619) to identify resources in cloud environments.",
            "kill_chain_phases": [
                {
                    "kill_chain_name": "mitre-attack",
                    "phase_name": "collection"
                }
            ],
            "x_mitre_contributors": [
                "Praetorian",
                "Arun Seelagan, CISA"
            ],
            "x_mitre_deprecated": false,
            "x_mitre_detection": "Depending on the method used, actions could include common file system commands and parameters on the command-line interface within batch files or scripts. A sequence of actions like this may be unusual, depending on the system and network environment. Automated collection may occur along with other techniques such as [Data Staged](https://attack.mitre.org/techniques/T1074). As such, file access monitoring that shows an unusual process performing sequential file opens and potentially copy actions to another location on the file system for many files at once may indicate automated collection behavior. Remote access tools with built-in features may interact directly with the Windows API to gather data. Data may also be acquired through Windows system management tools such as [Windows Management Instrumentation](https://attack.mitre.org/techniques/T1047) and [PowerShell](https://attack.mitre.org/techniques/T1059/001), as well as through cloud APIs and command line interfaces.",
            "x_mitre_domains": [
                "enterprise-attack"
            ],
            "x_mitre_is_subtechnique": false,
            "x_mitre_platforms": [
                "Linux",
                "macOS",
                "Windows",
                "IaaS",
                "SaaS",
                "Office Suite"
            ],
            "x_mitre_version": "1.3",
            "x_mitre_data_sources": [
                "User Account: User Account Authentication",
                "Command: Command Execution",
                "File: File Access",
                "Script: Script Execution"
            ],
            "x_mitre_system_requirements": [
                "Permissions to access directories, files, and API endpoints that store information of interest."
            ],
            "type": "attack-pattern",
            "id": "attack-pattern--30208d3e-0d6b-43c8-883e-44462a514619",
            "created": "2017-05-31T21:31:27.985Z",
            "created_by_ref": "identity--c78cb6e5-0c4b-4611-8297-d1b8b55e40b5",
            "revoked": false,
            "external_references": [
                {
                    "source_name": "mitre-attack",
                    "url": "https://attack.mitre.org/techniques/T1119",
                    "external_id": "T1119"
                },
                {
                    "source_name": "Mandiant UNC3944 SMS Phishing 2023",
                    "description": "Mandiant Intelligence. (2023, September 14). Why Are You Texting Me? UNC3944 Leverages SMS Phishing Campaigns for SIM Swapping, Ransomware, Extortion, and Notoriety. Retrieved January 2, 2024.",
                    "url": "https://www.mandiant.com/resources/blog/unc3944-sms-phishing-sim-swapping-ransomware"
                }
            ],
            "object_marking_refs": [
                "marking-definition--fa42a846-8d90-4e51-bc29-71d5b4802168"
            ],
            "x_mitre_attack_spec_version": "3.2.0",
            "x_mitre_modified_by_ref": "identity--c78cb6e5-0c4b-4611-8297-d1b8b55e40b5"
        }
    ]
}