{
    "type": "bundle",
    "id": "bundle--c87ddb78-bac0-4c9e-9832-914cfe9820d9",
    "spec_version": "2.0",
    "objects": [
        {
            "x_mitre_platforms": [
                "Network"
            ],
            "x_mitre_domains": [
                "enterprise-attack"
            ],
            "object_marking_refs": [
                "marking-definition--fa42a846-8d90-4e51-bc29-71d5b4802168"
            ],
            "id": "attack-pattern--28abec6c-4443-4b03-8206-07f2e264a6b4",
            "type": "attack-pattern",
            "created": "2020-10-20T00:06:56.180Z",
            "created_by_ref": "identity--c78cb6e5-0c4b-4611-8297-d1b8b55e40b5",
            "external_references": [
                {
                    "source_name": "mitre-attack",
                    "external_id": "T1542.005",
                    "url": "https://attack.mitre.org/techniques/T1542/005"
                },
                {
                    "source_name": "Cisco Blog Legacy Device Attacks",
                    "url": "https://community.cisco.com/t5/security-blogs/attackers-continue-to-target-legacy-devices/ba-p/4169954",
                    "description": "Omar Santos. (2020, October 19). Attackers Continue to Target Legacy Devices. Retrieved October 20, 2020."
                },
                {
                    "source_name": "Cisco IOS Software Integrity Assurance - Secure Boot",
                    "url": "https://tools.cisco.com/security/center/resources/integrity_assurance.html#35",
                    "description": "Cisco. (n.d.). Cisco IOS Software Integrity Assurance - Secure Boot. Retrieved October 19, 2020."
                },
                {
                    "source_name": "Cisco IOS Software Integrity Assurance - Image File Verification",
                    "url": "https://tools.cisco.com/security/center/resources/integrity_assurance.html#7",
                    "description": "Cisco. (n.d.). Cisco IOS Software Integrity Assurance - Cisco IOS Image File Verification. Retrieved October 19, 2020."
                },
                {
                    "source_name": "Cisco IOS Software Integrity Assurance - Run-Time Memory Verification",
                    "url": "https://tools.cisco.com/security/center/resources/integrity_assurance.html#13",
                    "description": "Cisco. (n.d.). Cisco IOS Software Integrity Assurance - Cisco IOS Run-Time Memory Integrity Verification. Retrieved October 19, 2020."
                },
                {
                    "source_name": "Cisco IOS Software Integrity Assurance - Command History",
                    "url": "https://tools.cisco.com/security/center/resources/integrity_assurance.html#23",
                    "description": "Cisco. (n.d.). Cisco IOS Software Integrity Assurance - Command History. Retrieved October 21, 2020."
                },
                {
                    "source_name": "Cisco IOS Software Integrity Assurance - Boot Information",
                    "url": "https://tools.cisco.com/security/center/resources/integrity_assurance.html#26",
                    "description": "Cisco. (n.d.). Cisco IOS Software Integrity Assurance - Boot Information. Retrieved October 21, 2020."
                }
            ],
            "modified": "2020-10-22T16:35:53.806Z",
            "name": "TFTP Boot",
            "description": "Adversaries may abuse netbooting to load an unauthorized network device operating system from a Trivial File Transfer Protocol (TFTP) server. TFTP boot (netbooting) is commonly used by network administrators to load configuration-controlled network device images from a centralized management server. Netbooting is one option in the boot sequence and can be used to centralize, manage, and control device images.\n\nAdversaries may manipulate the configuration on the network device specifying use of a malicious TFTP server, which may be used in conjunction with [Modify System Image](https://attack.mitre.org/techniques/T1601) to load a modified image on device startup or reset. The unauthorized image allows adversaries to modify device configuration, add malicious capabilities to the device, and introduce backdoors to maintain control of the network device while minimizing detection through use of a standard functionality. This technique is similar to [ROMMONkit](https://attack.mitre.org/techniques/T1542/004) and may result in the network device running a modified image. (Citation: Cisco Blog Legacy Device Attacks)",
            "kill_chain_phases": [
                {
                    "kill_chain_name": "mitre-attack",
                    "phase_name": "defense-evasion"
                },
                {
                    "kill_chain_name": "mitre-attack",
                    "phase_name": "persistence"
                }
            ],
            "x_mitre_detection": "Consider comparing a copy of the network device configuration and system image against a known-good version to discover unauthorized changes to system boot, startup configuration, or the running OS. (Citation: Cisco IOS Software Integrity Assurance - Secure Boot) (Citation: Cisco IOS Software Integrity Assurance - Image File Verification)The same process can be accomplished through a comparison of the run-time memory, though this is non-trivial and may require assistance from the vendor.  (Citation: Cisco IOS Software Integrity Assurance - Run-Time Memory Verification)\n\nReview command history in either the console or as part of the running memory to determine if unauthorized or suspicious commands were used to modify device configuration. (Citation: Cisco IOS Software Integrity Assurance - Command History) Check boot information including system uptime, image booted, and startup configuration to determine if results are consistent with expected behavior in the environment. (Citation: Cisco IOS Software Integrity Assurance - Boot Information) Monitor unusual connections or connection attempts to the device that may specifically target TFTP or other file-sharing protocols.",
            "x_mitre_is_subtechnique": true,
            "x_mitre_version": "1.0",
            "x_mitre_modified_by_ref": "identity--c78cb6e5-0c4b-4611-8297-d1b8b55e40b5",
            "x_mitre_data_sources": [
                "Command: Command Execution",
                "Network Traffic: Network Connection Creation",
                "Firmware: Firmware Modification"
            ],
            "x_mitre_permissions_required": [
                "Administrator"
            ]
        }
    ]
}