{
    "type": "bundle",
    "id": "bundle--edf353db-ed1d-4185-8bf7-35208e45a9fd",
    "spec_version": "2.0",
    "objects": [
        {
            "modified": "2024-04-28T15:44:25.342Z",
            "name": "AppDomainManager",
            "description": "Adversaries may execute their own malicious payloads by hijacking how the .NET `AppDomainManager` loads assemblies. The .NET framework uses the `AppDomainManager` class to create and manage one or more isolated runtime environments (called application domains) inside a process to host the execution of .NET applications. Assemblies (`.exe` or `.dll` binaries compiled to run as .NET code) may be loaded into an application domain as executable code.(Citation: Microsoft App Domains) \n\nKnown as \"AppDomainManager injection,\" adversaries may execute arbitrary code by hijacking how .NET applications load assemblies. For example, malware may create a custom application domain inside a target process to load and execute an arbitrary assembly. Alternatively, configuration files (`.config`) or process environment variables that define .NET runtime settings may be tampered with to instruct otherwise benign .NET applications to load a malicious assembly (identified by name) into the target process.(Citation: PenTestLabs AppDomainManagerInject)(Citation: PwC Yellow Liderc)(Citation: Rapid7 AppDomain Manager Injection)",
            "kill_chain_phases": [
                {
                    "kill_chain_name": "mitre-attack",
                    "phase_name": "persistence"
                },
                {
                    "kill_chain_name": "mitre-attack",
                    "phase_name": "privilege-escalation"
                },
                {
                    "kill_chain_name": "mitre-attack",
                    "phase_name": "defense-evasion"
                }
            ],
            "x_mitre_contributors": [
                "Thomas B",
                "Ivy Drexel"
            ],
            "x_mitre_deprecated": false,
            "x_mitre_detection": "",
            "x_mitre_domains": [
                "enterprise-attack"
            ],
            "x_mitre_is_subtechnique": true,
            "x_mitre_platforms": [
                "Windows"
            ],
            "x_mitre_version": "1.0",
            "x_mitre_data_sources": [
                "Module: Module Load",
                "File: File Creation",
                "Process: Process Creation"
            ],
            "type": "attack-pattern",
            "id": "attack-pattern--356662f7-e315-4759-86c9-6214e2a50ff8",
            "created": "2024-03-28T15:36:34.141Z",
            "created_by_ref": "identity--c78cb6e5-0c4b-4611-8297-d1b8b55e40b5",
            "revoked": false,
            "external_references": [
                {
                    "source_name": "mitre-attack",
                    "url": "https://attack.mitre.org/techniques/T1574/014",
                    "external_id": "T1574.014"
                },
                {
                    "source_name": "PenTestLabs AppDomainManagerInject",
                    "description": "Administrator. (2020, May 26). APPDOMAINMANAGER INJECTION AND DETECTION. Retrieved March 28, 2024.",
                    "url": "https://pentestlaboratories.com/2020/05/26/appdomainmanager-injection-and-detection/"
                },
                {
                    "source_name": "Microsoft App Domains",
                    "description": "Microsoft. (2021, September 15). Application domains. Retrieved March 28, 2024.",
                    "url": "https://learn.microsoft.com/dotnet/framework/app-domains/application-domains"
                },
                {
                    "source_name": "PwC Yellow Liderc",
                    "description": "PwC Threat Intelligence. (2023, October 25). Yellow Liderc ships its scripts and delivers IMAPLoader malware. Retrieved March 29, 2024.",
                    "url": "https://www.pwc.com/gx/en/issues/cybersecurity/cyber-threat-intelligence/yellow-liderc-ships-its-scripts-delivers-imaploader-malware.html"
                },
                {
                    "source_name": "Rapid7 AppDomain Manager Injection",
                    "description": "Spagnola, N. (2023, May 5). AppDomain Manager Injection: New Techniques For Red Teams. Retrieved March 29, 2024.",
                    "url": "https://www.rapid7.com/blog/post/2023/05/05/appdomain-manager-injection-new-techniques-for-red-teams/"
                }
            ],
            "object_marking_refs": [
                "marking-definition--fa42a846-8d90-4e51-bc29-71d5b4802168"
            ],
            "x_mitre_attack_spec_version": "3.2.0",
            "x_mitre_modified_by_ref": "identity--c78cb6e5-0c4b-4611-8297-d1b8b55e40b5"
        }
    ]
}