{
    "type": "bundle",
    "id": "bundle--62bfb74c-997c-4afb-9ebe-e8ceef744730",
    "spec_version": "2.0",
    "objects": [
        {
            "modified": "2023-04-11T21:14:37.714Z",
            "name": "Create Process with Token",
            "description": "Adversaries may create a new process with an existing token to escalate privileges and bypass access controls. Processes can be created with the token and resulting security context of another user using features such as <code>CreateProcessWithTokenW</code> and <code>runas</code>.(Citation: Microsoft RunAs)\n\nCreating processes with a token not associated with the current user may require the credentials of the target user, specific privileges to impersonate that user, or access to the token to be used. For example, the token could be duplicated via [Token Impersonation/Theft](https://attack.mitre.org/techniques/T1134/001) or created via [Make and Impersonate Token](https://attack.mitre.org/techniques/T1134/003) before being used to create a process.\n\nWhile this technique is distinct from [Token Impersonation/Theft](https://attack.mitre.org/techniques/T1134/001), the techniques can be used in conjunction where a token is duplicated and then used to create a new process.",
            "kill_chain_phases": [
                {
                    "kill_chain_name": "mitre-attack",
                    "phase_name": "defense-evasion"
                },
                {
                    "kill_chain_name": "mitre-attack",
                    "phase_name": "privilege-escalation"
                }
            ],
            "x_mitre_contributors": [
                "Vadim Khrykov",
                "Jonny Johnson"
            ],
            "x_mitre_deprecated": false,
            "x_mitre_detection": "If an adversary is using a standard command-line shell (i.e. [Windows Command Shell](https://attack.mitre.org/techniques/T1059/003)), analysts may detect token manipulation by auditing command-line activity. Specifically, analysts should look for use of the <code>runas</code> command or similar artifacts. Detailed command-line logging is not enabled by default in Windows.(Citation: Microsoft Command-line Logging)\n\nIf an adversary is using a payload that calls the Windows token APIs directly, analysts may detect token manipulation only through careful analysis of user activity, examination of running processes, and correlation with other endpoint and network behavior.\n\nAnalysts can also monitor for use of Windows APIs such as <code>CreateProcessWithTokenW</code> and correlate activity with other suspicious behavior to reduce false positives that may be due to normal benign use by users and administrators.",
            "x_mitre_domains": [
                "enterprise-attack"
            ],
            "x_mitre_is_subtechnique": true,
            "x_mitre_platforms": [
                "Windows"
            ],
            "x_mitre_version": "1.2",
            "x_mitre_data_sources": [
                "Command: Command Execution",
                "Process: OS API Execution"
            ],
            "x_mitre_defense_bypassed": [
                "Windows User Account Control",
                "System access controls",
                "File system access controls"
            ],
            "type": "attack-pattern",
            "id": "attack-pattern--677569f9-a8b0-459e-ab24-7f18091fa7bf",
            "created": "2020-02-18T16:48:56.582Z",
            "created_by_ref": "identity--c78cb6e5-0c4b-4611-8297-d1b8b55e40b5",
            "revoked": false,
            "external_references": [
                {
                    "source_name": "mitre-attack",
                    "url": "https://attack.mitre.org/techniques/T1134/002",
                    "external_id": "T1134.002"
                },
                {
                    "source_name": "Microsoft Command-line Logging",
                    "description": "Mathers, B. (2017, March 7). Command line process auditing. Retrieved April 21, 2017.",
                    "url": "https://technet.microsoft.com/en-us/windows-server-docs/identity/ad-ds/manage/component-updates/command-line-process-auditing"
                },
                {
                    "source_name": "Microsoft RunAs",
                    "description": "Microsoft. (2016, August 31). Runas. Retrieved October 1, 2021.",
                    "url": "https://docs.microsoft.com/en-us/previous-versions/windows/it-pro/windows-server-2012-r2-and-2012/cc771525(v=ws.11)"
                }
            ],
            "object_marking_refs": [
                "marking-definition--fa42a846-8d90-4e51-bc29-71d5b4802168"
            ],
            "x_mitre_attack_spec_version": "3.1.0",
            "x_mitre_modified_by_ref": "identity--c78cb6e5-0c4b-4611-8297-d1b8b55e40b5"
        }
    ]
}