{
    "type": "bundle",
    "id": "bundle--5709404b-1530-4a8c-933f-0d2695aaef8b",
    "spec_version": "2.0",
    "objects": [
        {
            "modified": "2024-10-15T14:57:46.850Z",
            "name": "Credentials from Password Stores",
            "description": "Adversaries may search for common password storage locations to obtain user credentials.(Citation: F-Secure The Dukes) Passwords are stored in several places on a system, depending on the operating system or application holding the credentials. There are also specific applications and services that store passwords to make them easier for users to manage and maintain, such as password managers and cloud secrets vaults. Once credentials are obtained, they can be used to perform lateral movement and access restricted information.",
            "kill_chain_phases": [
                {
                    "kill_chain_name": "mitre-attack",
                    "phase_name": "credential-access"
                }
            ],
            "x_mitre_deprecated": false,
            "x_mitre_detection": "Monitor system calls, file read events, and processes for suspicious activity that could indicate searching for a password  or other activity related to performing keyword searches (e.g. password, pwd, login, store, secure, credentials, etc.) in process memory for credentials. File read events should be monitored surrounding known password storage applications.",
            "x_mitre_domains": [
                "enterprise-attack"
            ],
            "x_mitre_is_subtechnique": false,
            "x_mitre_platforms": [
                "Linux",
                "macOS",
                "Windows",
                "IaaS"
            ],
            "x_mitre_version": "1.2",
            "x_mitre_data_sources": [
                "File: File Access",
                "Command: Command Execution",
                "Process: Process Access",
                "Cloud Service: Cloud Service Enumeration",
                "Process: Process Creation",
                "Process: OS API Execution"
            ],
            "type": "attack-pattern",
            "id": "attack-pattern--3fc9b85a-2862-4363-a64d-d692e3ffbee0",
            "created": "2020-02-11T18:48:28.456Z",
            "created_by_ref": "identity--c78cb6e5-0c4b-4611-8297-d1b8b55e40b5",
            "revoked": false,
            "external_references": [
                {
                    "source_name": "mitre-attack",
                    "url": "https://attack.mitre.org/techniques/T1555",
                    "external_id": "T1555"
                },
                {
                    "source_name": "F-Secure The Dukes",
                    "description": "F-Secure Labs. (2015, September 17). The Dukes: 7 years of Russian cyberespionage. Retrieved December 10, 2015.",
                    "url": "https://www.f-secure.com/documents/996508/1030745/dukes_whitepaper.pdf"
                }
            ],
            "object_marking_refs": [
                "marking-definition--fa42a846-8d90-4e51-bc29-71d5b4802168"
            ],
            "x_mitre_attack_spec_version": "3.2.0",
            "x_mitre_modified_by_ref": "identity--c78cb6e5-0c4b-4611-8297-d1b8b55e40b5"
        }
    ]
}