{
    "type": "bundle",
    "id": "bundle--391172f5-e1b3-4933-8736-d2abca458bb2",
    "spec_version": "2.0",
    "objects": [
        {
            "modified": "2024-09-12T19:19:47.758Z",
            "name": "Search Engines",
            "description": "Adversaries may use search engines to collect information about victims that can be used during targeting. Search engine services typical crawl online sites to index context and may provide users with specialized syntax to search for specific keywords or specific types of content (i.e. filetypes).(Citation: SecurityTrails Google Hacking)(Citation: ExploitDB GoogleHacking)\n\nAdversaries may craft various search engine queries depending on what information they seek to gather. Threat actors may use search engines to harvest general information about victims, as well as use specialized queries to look for spillages/leaks of sensitive information such as network details or credentials. Information from these sources may reveal opportunities for other forms of reconnaissance (ex: [Phishing for Information](https://attack.mitre.org/techniques/T1598) or [Search Open Technical Databases](https://attack.mitre.org/techniques/T1596)), establishing operational resources (ex: [Establish Accounts](https://attack.mitre.org/techniques/T1585) or [Compromise Accounts](https://attack.mitre.org/techniques/T1586)), and/or initial access (ex: [Valid Accounts](https://attack.mitre.org/techniques/T1078) or [Phishing](https://attack.mitre.org/techniques/T1566)).",
            "kill_chain_phases": [
                {
                    "kill_chain_name": "mitre-attack",
                    "phase_name": "reconnaissance"
                }
            ],
            "x_mitre_deprecated": false,
            "x_mitre_detection": "Much of this activity may have a very high occurrence and associated false positive rate, as well as potentially taking place outside the visibility of the target organization, making detection difficult for defenders.\n\nDetection efforts may be focused on related stages of the adversary lifecycle, such as during Initial Access.",
            "x_mitre_domains": [
                "enterprise-attack"
            ],
            "x_mitre_is_subtechnique": true,
            "x_mitre_platforms": [
                "PRE"
            ],
            "x_mitre_version": "1.0",
            "type": "attack-pattern",
            "id": "attack-pattern--6e561441-8431-4773-a9b8-ccf28ef6a968",
            "created": "2020-10-02T16:50:12.809Z",
            "created_by_ref": "identity--c78cb6e5-0c4b-4611-8297-d1b8b55e40b5",
            "revoked": false,
            "external_references": [
                {
                    "source_name": "mitre-attack",
                    "url": "https://attack.mitre.org/techniques/T1593/002",
                    "external_id": "T1593.002"
                },
                {
                    "source_name": "SecurityTrails Google Hacking",
                    "description": "Borges, E. (2019, March 5). Exploring Google Hacking Techniques. Retrieved September 12, 2024.",
                    "url": "https://www.recordedfuture.com/threat-intelligence-101/threat-analysis-techniques/google-dorks"
                },
                {
                    "source_name": "ExploitDB GoogleHacking",
                    "description": "Offensive Security. (n.d.). Google Hacking Database. Retrieved October 23, 2020.",
                    "url": "https://www.exploit-db.com/google-hacking-database"
                }
            ],
            "object_marking_refs": [
                "marking-definition--fa42a846-8d90-4e51-bc29-71d5b4802168"
            ],
            "x_mitre_attack_spec_version": "3.2.0",
            "x_mitre_modified_by_ref": "identity--c78cb6e5-0c4b-4611-8297-d1b8b55e40b5"
        }
    ]
}