{
    "type": "bundle",
    "id": "bundle--653f895e-6e08-4bb4-a775-894da28cbbc9",
    "spec_version": "2.0",
    "objects": [
        {
            "x_mitre_platforms": [
                "Linux",
                "macOS"
            ],
            "x_mitre_domains": [
                "enterprise-attack"
            ],
            "object_marking_refs": [
                "marking-definition--fa42a846-8d90-4e51-bc29-71d5b4802168"
            ],
            "id": "attack-pattern--1365fe3b-0f50-455d-b4da-266ce31c23b0",
            "type": "attack-pattern",
            "created": "2020-01-30T14:34:44.992Z",
            "created_by_ref": "identity--c78cb6e5-0c4b-4611-8297-d1b8b55e40b5",
            "external_references": [
                {
                    "source_name": "mitre-attack",
                    "external_id": "T1548.003",
                    "url": "https://attack.mitre.org/techniques/T1548/003"
                },
                {
                    "url": "https://www.sudo.ws/",
                    "description": "Todd C. Miller. (2018). Sudo Man Page. Retrieved March 19, 2018.",
                    "source_name": "sudo man page 2018"
                },
                {
                    "url": "https://blog.malwarebytes.com/threat-analysis/2017/04/new-osx-dok-malware-intercepts-web-traffic/",
                    "description": "Thomas Reed. (2017, July 7). New OSX.Dok malware intercepts web traffic. Retrieved July 10, 2017.",
                    "source_name": "OSX.Dok Malware"
                },
                {
                    "url": "https://www.cybereason.com/blog/labs-proton-b-what-this-mac-malware-actually-does",
                    "description": "Amit Serper. (2018, May 10). ProtonB What this Mac Malware Actually Does. Retrieved March 19, 2018.",
                    "source_name": "cybereason osx proton"
                }
            ],
            "modified": "2022-03-14T16:28:19.781Z",
            "name": "Sudo and Sudo Caching",
            "description": "Adversaries may perform sudo caching and/or use the sudoers file to elevate privileges. Adversaries may do this to execute commands as other users or spawn processes with higher privileges.\n\nWithin Linux and MacOS systems, sudo (sometimes referred to as \"superuser do\") allows users to perform commands from terminals with elevated privileges and to control who can perform these commands on the system. The <code>sudo</code> command \"allows a system administrator to delegate authority to give certain users (or groups of users) the ability to run some (or all) commands as root or another user while providing an audit trail of the commands and their arguments.\"(Citation: sudo man page 2018) Since sudo was made for the system administrator, it has some useful configuration features such as a <code>timestamp_timeout</code>, which is the amount of time in minutes between instances of <code>sudo</code> before it will re-prompt for a password. This is because <code>sudo</code> has the ability to cache credentials for a period of time. Sudo creates (or touches) a file at <code>/var/db/sudo</code> with a timestamp of when sudo was last run to determine this timeout. Additionally, there is a <code>tty_tickets</code> variable that treats each new tty (terminal session) in isolation. This means that, for example, the sudo timeout of one tty will not affect another tty (you will have to type the password again).\n\nThe sudoers file, <code>/etc/sudoers</code>, describes which users can run which commands and from which terminals. This also describes which commands users can run as other users or groups. This provides the principle of least privilege such that users are running in their lowest possible permissions for most of the time and only elevate to other users or permissions as needed, typically by prompting for a password. However, the sudoers file can also specify when to not prompt users for passwords with a line like <code>user1 ALL=(ALL) NOPASSWD: ALL</code>.(Citation: OSX.Dok Malware) Elevated privileges are required to edit this file though.\n\nAdversaries can also abuse poor configurations of these mechanisms to escalate privileges without needing the user's password. For example, <code>/var/db/sudo</code>'s timestamp can be monitored to see if it falls within the <code>timestamp_timeout</code> range. If it does, then malware can execute sudo commands without needing to supply the user's password. Additional, if <code>tty_tickets</code> is disabled, adversaries can do this from any tty for that user.\n\nIn the wild, malware has disabled <code>tty_tickets</code> to potentially make scripting easier by issuing <code>echo \\'Defaults !tty_tickets\\' >> /etc/sudoers</code>.(Citation: cybereason osx proton) In order for this change to be reflected, the malware also issued <code>killall Terminal</code>. As of macOS Sierra, the sudoers file has <code>tty_tickets</code> enabled by default.",
            "kill_chain_phases": [
                {
                    "kill_chain_name": "mitre-attack",
                    "phase_name": "privilege-escalation"
                },
                {
                    "kill_chain_name": "mitre-attack",
                    "phase_name": "defense-evasion"
                }
            ],
            "x_mitre_detection": "On Linux, auditd can alert every time a user's actual ID and effective ID are different (this is what happens when you sudo). This technique is abusing normal functionality in macOS and Linux systems, but sudo has the ability to log all input and output based on the <code>LOG_INPUT</code> and <code>LOG_OUTPUT</code> directives in the <code>/etc/sudoers</code> file.",
            "x_mitre_is_subtechnique": true,
            "x_mitre_version": "1.0",
            "x_mitre_modified_by_ref": "identity--c78cb6e5-0c4b-4611-8297-d1b8b55e40b5",
            "x_mitre_data_sources": [
                "File: File Modification",
                "Command: Command Execution",
                "Process: Process Creation",
                "Process: Process Metadata"
            ],
            "x_mitre_permissions_required": [
                "User"
            ],
            "x_mitre_effective_permissions": [
                "root"
            ]
        }
    ]
}