{
    "type": "bundle",
    "id": "bundle--c19bfb92-ae71-41fb-beed-2a44e1bdb711",
    "spec_version": "2.0",
    "objects": [
        {
            "modified": "2024-10-14T22:11:30.271Z",
            "name": "Email Forwarding Rule",
            "description": "Adversaries may setup email forwarding rules to collect sensitive information. Adversaries may abuse email forwarding rules to monitor the activities of a victim, steal information, and further gain intelligence on the victim or the victim\u2019s organization to use as part of further exploits or operations.(Citation: US-CERT TA18-068A 2018) Furthermore, email forwarding rules can allow adversaries to maintain persistent access to victim's emails even after compromised credentials are reset by administrators.(Citation: Pfammatter - Hidden Inbox Rules) Most email clients allow users to create inbox rules for various email functions, including forwarding to a different recipient. These rules may be created through a local email application, a web interface, or by command-line interface. Messages can be forwarded to internal or external recipients, and there are no restrictions limiting the extent of this rule. Administrators may also create forwarding rules for user accounts with the same considerations and outcomes.(Citation: Microsoft Tim McMichael Exchange Mail Forwarding 2)(Citation: Mac Forwarding Rules)\n\nAny user or administrator within the organization (or adversary with valid credentials) can create rules to automatically forward all received messages to another recipient, forward emails to different locations based on the sender, and more. Adversaries may also hide the rule by making use of the Microsoft Messaging API (MAPI) to modify the rule properties, making it hidden and not visible from Outlook, OWA or most Exchange Administration tools.(Citation: Pfammatter - Hidden Inbox Rules)\n\nIn some environments, administrators may be able to enable email forwarding rules that operate organization-wide rather than on individual inboxes. For example, Microsoft Exchange supports transport rules that evaluate all mail an organization receives against user-specified conditions, then performs a user-specified action on mail that adheres to those conditions.(Citation: Microsoft Mail Flow Rules 2023) Adversaries that abuse such features may be able to enable forwarding on all or specific mail an organization receives. ",
            "kill_chain_phases": [
                {
                    "kill_chain_name": "mitre-attack",
                    "phase_name": "collection"
                }
            ],
            "x_mitre_attack_spec_version": "3.2.0",
            "x_mitre_contributors": [
                "Microsoft Security",
                "Swetha Prabakaran, Microsoft Threat Intelligence Center (MSTIC)",
                "Liran Ravich, CardinalOps",
                "Arun Seelagan, CISA"
            ],
            "x_mitre_deprecated": false,
            "x_mitre_detection": "Detection is challenging because all messages forwarded because of an auto-forwarding rule have the same presentation as a manually forwarded message. It is also possible for the user to not be aware of the addition of such an auto-forwarding rule and not suspect that their account has been compromised; email-forwarding rules alone will not affect the normal usage patterns or operations of the email account. This is especially true in cases with hidden auto-forwarding rules. This makes it only possible to reliably detect the existence of a hidden auto-forwarding rule by examining message tracking logs or by using a MAPI editor to notice the modified rule property values.(Citation: Pfammatter - Hidden Inbox Rules)\n\nAuto-forwarded messages generally contain specific detectable artifacts that may be present in the header; such artifacts would be platform-specific. Examples include `X-MS-Exchange-Organization-AutoForwarded` set to true, `X-MailFwdBy` and `X-Forwarded-To`. The `forwardingSMTPAddress` parameter used in a forwarding process that is managed by administrators and not by user actions. All messages for the mailbox are forwarded to the specified SMTP address. However, unlike typical client-side rules, the message does not appear as forwarded in the mailbox; it appears as if it were sent directly to the specified destination mailbox.(Citation: Microsoft Tim McMichael Exchange Mail Forwarding 2) High volumes of emails that bear the `X-MS-Exchange-Organization-AutoForwarded` header (indicating auto-forwarding) without a corresponding number of emails that match the appearance of a forwarded message may indicate that further investigation is needed at the administrator level rather than user-level.",
            "x_mitre_domains": [
                "enterprise-attack"
            ],
            "x_mitre_is_subtechnique": true,
            "x_mitre_modified_by_ref": "identity--c78cb6e5-0c4b-4611-8297-d1b8b55e40b5",
            "x_mitre_platforms": [
                "Windows",
                "macOS",
                "Linux",
                "Office Suite"
            ],
            "x_mitre_version": "1.4",
            "x_mitre_data_sources": [
                "Command: Command Execution",
                "Application Log: Application Log Content",
                "Cloud Service: Cloud Service Metadata"
            ],
            "type": "attack-pattern",
            "id": "attack-pattern--7d77a07d-02fe-4e88-8bd9-e9c008c01bf0",
            "created": "2020-02-19T18:54:47.103Z",
            "created_by_ref": "identity--c78cb6e5-0c4b-4611-8297-d1b8b55e40b5",
            "revoked": false,
            "external_references": [
                {
                    "source_name": "mitre-attack",
                    "url": "https://attack.mitre.org/techniques/T1114/003",
                    "external_id": "T1114.003"
                },
                {
                    "source_name": "Mac Forwarding Rules",
                    "description": "Apple. (n.d.). Reply to, forward, or redirect emails in Mail on Mac. Retrieved June 22, 2021.",
                    "url": "https://support.apple.com/guide/mail/reply-to-forward-or-redirect-emails-mlhlp1010/mac"
                },
                {
                    "source_name": "Pfammatter - Hidden Inbox Rules",
                    "description": "Damian Pfammatter. (2018, September 17). Hidden Inbox Rules in Microsoft Exchange. Retrieved October 12, 2021.",
                    "url": "https://blog.compass-security.com/2018/09/hidden-inbox-rules-in-microsoft-exchange/"
                },
                {
                    "source_name": "Microsoft Tim McMichael Exchange Mail Forwarding 2",
                    "description": "McMichael, T.. (2015, June 8). Exchange and Office 365 Mail Forwarding. Retrieved October 8, 2019.",
                    "url": "https://blogs.technet.microsoft.com/timmcmic/2015/06/08/exchange-and-office-365-mail-forwarding-2/"
                },
                {
                    "source_name": "Microsoft Mail Flow Rules 2023",
                    "description": "Microsoft. (2023, February 22). Mail flow rules (transport rules) in Exchange Online. Retrieved March 13, 2023.",
                    "url": "https://learn.microsoft.com/en-us/exchange/security-and-compliance/mail-flow-rules/mail-flow-rules"
                },
                {
                    "source_name": "US-CERT TA18-068A 2018",
                    "description": "US-CERT. (2018, March 27). TA18-068A Brute Force Attacks Conducted by Cyber Actors. Retrieved October 2, 2019.",
                    "url": "https://www.us-cert.gov/ncas/alerts/TA18-086A"
                }
            ],
            "object_marking_refs": [
                "marking-definition--fa42a846-8d90-4e51-bc29-71d5b4802168"
            ]
        }
    ]
}