{
    "type": "bundle",
    "id": "bundle--6985c684-1891-4261-a242-aa88a710cd46",
    "spec_version": "2.0",
    "objects": [
        {
            "modified": "2024-10-14T22:11:30.271Z",
            "name": "Default Accounts",
            "description": "Adversaries may obtain and abuse credentials of a default account as a means of gaining Initial Access, Persistence, Privilege Escalation, or Defense Evasion. Default accounts are those that are built-into an OS, such as the Guest or Administrator accounts on Windows systems. Default accounts also include default factory/provider set accounts on other types of systems, software, or devices, including the root user account in AWS and the default service account in Kubernetes.(Citation: Microsoft Local Accounts Feb 2019)(Citation: AWS Root User)(Citation: Threat Matrix for Kubernetes)\n\nDefault accounts are not limited to client machines, rather also include accounts that are preset for equipment such as network devices and computer applications whether they are internal, open source, or commercial. Appliances that come preset with a username and password combination pose a serious threat to organizations that do not change it post installation, as they are easy targets for an adversary. Similarly, adversaries may also utilize publicly disclosed or stolen [Private Keys](https://attack.mitre.org/techniques/T1552/004) or credential materials to legitimately connect to remote environments via [Remote Services](https://attack.mitre.org/techniques/T1021).(Citation: Metasploit SSH Module)",
            "kill_chain_phases": [
                {
                    "kill_chain_name": "mitre-attack",
                    "phase_name": "defense-evasion"
                },
                {
                    "kill_chain_name": "mitre-attack",
                    "phase_name": "persistence"
                },
                {
                    "kill_chain_name": "mitre-attack",
                    "phase_name": "privilege-escalation"
                },
                {
                    "kill_chain_name": "mitre-attack",
                    "phase_name": "initial-access"
                }
            ],
            "x_mitre_attack_spec_version": "3.2.0",
            "x_mitre_deprecated": false,
            "x_mitre_detection": "Monitor whether default accounts have been activated or logged into. These audits should also include checks on any appliances and applications for default credentials or SSH keys, and if any are discovered, they should be updated immediately.",
            "x_mitre_domains": [
                "enterprise-attack"
            ],
            "x_mitre_is_subtechnique": true,
            "x_mitre_modified_by_ref": "identity--c78cb6e5-0c4b-4611-8297-d1b8b55e40b5",
            "x_mitre_platforms": [
                "Windows",
                "SaaS",
                "IaaS",
                "Linux",
                "macOS",
                "Containers",
                "Network",
                "Office Suite",
                "Identity Provider"
            ],
            "x_mitre_version": "1.4",
            "x_mitre_data_sources": [
                "Logon Session: Logon Session Creation",
                "User Account: User Account Authentication"
            ],
            "x_mitre_permissions_required": [
                "Administrator",
                "User"
            ],
            "type": "attack-pattern",
            "id": "attack-pattern--6151cbea-819b-455a-9fa6-99a1cc58797d",
            "created": "2020-03-13T20:15:31.974Z",
            "created_by_ref": "identity--c78cb6e5-0c4b-4611-8297-d1b8b55e40b5",
            "revoked": false,
            "external_references": [
                {
                    "source_name": "mitre-attack",
                    "url": "https://attack.mitre.org/techniques/T1078/001",
                    "external_id": "T1078.001"
                },
                {
                    "source_name": "AWS Root User",
                    "description": "Amazon. (n.d.). AWS Account Root User. Retrieved April 5, 2021.",
                    "url": "https://docs.aws.amazon.com/IAM/latest/UserGuide/id_root-user.html"
                },
                {
                    "source_name": "Microsoft Local Accounts Feb 2019",
                    "description": "Microsoft. (2018, December 9). Local Accounts. Retrieved February 11, 2019.",
                    "url": "https://docs.microsoft.com/en-us/windows/security/identity-protection/access-control/local-accounts"
                },
                {
                    "source_name": "Metasploit SSH Module",
                    "description": "undefined. (n.d.). Retrieved April 12, 2019.",
                    "url": "https://github.com/rapid7/metasploit-framework/tree/master/modules/exploits/linux/ssh"
                },
                {
                    "source_name": "Threat Matrix for Kubernetes",
                    "description": "Weizman, Y. (2020, April 2). Threat Matrix for Kubernetes. Retrieved March 30, 2021.",
                    "url": "https://www.microsoft.com/security/blog/2020/04/02/attack-matrix-kubernetes/"
                }
            ],
            "object_marking_refs": [
                "marking-definition--fa42a846-8d90-4e51-bc29-71d5b4802168"
            ]
        }
    ]
}