{
    "type": "bundle",
    "id": "bundle--e53c9421-4bd8-42cd-b567-82632d9e0d84",
    "spec_version": "2.0",
    "objects": [
        {
            "modified": "2023-10-17T20:42:21.453Z",
            "name": "Replication Through Removable Media",
            "description": "Adversaries may move onto systems, possibly those on disconnected or air-gapped networks, by copying malware to removable media and taking advantage of Autorun features when the media is inserted into a system and executes. In the case of Lateral Movement, this may occur through modification of executable files stored on removable media or by copying malware and renaming it to look like a legitimate file to trick users into executing it on a separate system. In the case of Initial Access, this may occur through manual manipulation of the media, modification of systems used to initially format the media, or modification to the media's firmware itself.\n\nMobile devices may also be used to infect PCs with malware if connected via USB.(Citation: Exploiting Smartphone USB ) This infection may be achieved using devices (Android, iOS, etc.) and, in some instances, USB charging cables.(Citation: Windows Malware Infecting Android)(Citation: iPhone Charging Cable Hack) For example, when a smartphone is connected to a system, it may appear to be mounted similar to a USB-connected disk drive. If malware that is compatible with the connected system is on the mobile device, the malware could infect the machine (especially if Autorun features are enabled).",
            "kill_chain_phases": [
                {
                    "kill_chain_name": "mitre-attack",
                    "phase_name": "lateral-movement"
                },
                {
                    "kill_chain_name": "mitre-attack",
                    "phase_name": "initial-access"
                }
            ],
            "x_mitre_contributors": [
                "Joas Antonio dos Santos, @C0d3Cr4zy"
            ],
            "x_mitre_deprecated": false,
            "x_mitre_detection": "Monitor file access on removable media. Detect processes that execute from removable media after it is mounted or when initiated by a user. If a remote access tool is used in this manner to move laterally, then additional actions are likely to occur after execution, such as opening network connections for Command and Control and system and network information Discovery.",
            "x_mitre_domains": [
                "enterprise-attack"
            ],
            "x_mitre_is_subtechnique": false,
            "x_mitre_platforms": [
                "Windows"
            ],
            "x_mitre_version": "1.2",
            "x_mitre_data_sources": [
                "File: File Access",
                "Process: Process Creation",
                "Drive: Drive Creation",
                "File: File Creation"
            ],
            "x_mitre_system_requirements": [
                "Removable media allowed, Autorun enabled or vulnerability present that allows for code execution"
            ],
            "type": "attack-pattern",
            "id": "attack-pattern--3b744087-9945-4a6f-91e8-9dbceda417a4",
            "created": "2017-05-31T21:31:08.977Z",
            "created_by_ref": "identity--c78cb6e5-0c4b-4611-8297-d1b8b55e40b5",
            "revoked": false,
            "external_references": [
                {
                    "source_name": "mitre-attack",
                    "url": "https://attack.mitre.org/techniques/T1091",
                    "external_id": "T1091"
                },
                {
                    "source_name": "Windows Malware Infecting Android",
                    "description": "Lucian Constantin. (2014, January 23). Windows malware tries to infect Android devices connected to PCs. Retrieved May 25, 2022.",
                    "url": "https://www.computerworld.com/article/2486903/windows-malware-tries-to-infect-android-devices-connected-to-pcs.html"
                },
                {
                    "source_name": "iPhone Charging Cable Hack",
                    "description": "Zack Whittaker. (2019, August 12). This hacker\u2019s iPhone charging cable can hijack your computer. Retrieved May 25, 2022.",
                    "url": "https://techcrunch.com/2019/08/12/iphone-charging-cable-hack-computer-def-con/"
                },
                {
                    "source_name": "Exploiting Smartphone USB ",
                    "description": "Zhaohui Wang & Angelos Stavrou. (n.d.). Exploiting Smart-Phone USB Connectivity For Fun And Profit. Retrieved May 25, 2022.",
                    "url": "https://citeseerx.ist.psu.edu/viewdoc/download?doi=10.1.1.226.3427&rep=rep1&type=pdf"
                }
            ],
            "object_marking_refs": [
                "marking-definition--fa42a846-8d90-4e51-bc29-71d5b4802168"
            ],
            "x_mitre_attack_spec_version": "3.2.0",
            "x_mitre_modified_by_ref": "identity--c78cb6e5-0c4b-4611-8297-d1b8b55e40b5"
        }
    ]
}