{
    "type": "bundle",
    "id": "bundle--1b4e6788-131b-4469-9127-e2aab60f849a",
    "spec_version": "2.0",
    "objects": [
        {
            "x_mitre_platforms": [
                "Windows"
            ],
            "x_mitre_domains": [
                "enterprise-attack"
            ],
            "object_marking_refs": [
                "marking-definition--fa42a846-8d90-4e51-bc29-71d5b4802168"
            ],
            "id": "attack-pattern--10d5f3b7-6be6-4da5-9a77-0f1e2bbfcc44",
            "type": "attack-pattern",
            "created": "2017-05-31T21:31:22.374Z",
            "created_by_ref": "identity--c78cb6e5-0c4b-4611-8297-d1b8b55e40b5",
            "revoked": true,
            "external_references": [
                {
                    "source_name": "mitre-attack",
                    "external_id": "T1109",
                    "url": "https://attack.mitre.org/techniques/T1109"
                },
                {
                    "description": "SanDisk. (n.d.). Self-Monitoring, Analysis and Reporting Technology (S.M.A.R.T.). Retrieved October 2, 2018.",
                    "source_name": "SanDisk SMART"
                },
                {
                    "url": "https://www.smartmontools.org/",
                    "description": "smartmontools. (n.d.). smartmontools. Retrieved October 2, 2018.",
                    "source_name": "SmartMontools"
                },
                {
                    "url": "https://www.itworld.com/article/2853992/3-tools-to-check-your-hard-drives-health-and-make-sure-its-not-already-dying-on-you.html",
                    "description": "Pinola, M. (2014, December 14). 3 tools to check your hard drive's health and make sure it's not already dying on you. Retrieved October 2, 2018.",
                    "source_name": "ITWorld Hard Disk Health Dec 2014"
                }
            ],
            "modified": "2020-10-23T15:04:14.614Z",
            "name": "Component Firmware",
            "description": "Some adversaries may employ sophisticated means to compromise computer components and install malicious firmware that will execute adversary code outside of the operating system and main system firmware or BIOS. This technique may be similar to [System Firmware](https://attack.mitre.org/techniques/T1019) but conducted upon other system components that may not have the same capability or level of integrity checking. Malicious device firmware could provide both a persistent level of access to systems despite potential typical failures to maintain access and hard disk re-images, as well as a way to evade host software-based defenses and integrity checks.",
            "kill_chain_phases": [
                {
                    "kill_chain_name": "mitre-attack",
                    "phase_name": "defense-evasion"
                },
                {
                    "kill_chain_name": "mitre-attack",
                    "phase_name": "persistence"
                }
            ],
            "x_mitre_detection": "Data and telemetry from use of device drivers (i.e. processes and API calls) and/or provided by SMART (Self-Monitoring, Analysis and Reporting Technology) (Citation: SanDisk SMART) (Citation: SmartMontools) disk monitoring may reveal malicious manipulations of components. Otherwise, this technique may be difficult to detect since malicious activity is taking place on system components possibly outside the purview of OS security and integrity mechanisms.\n\nDisk check and forensic utilities (Citation: ITWorld Hard Disk Health Dec 2014) may reveal indicators of malicious firmware such as strings, unexpected disk partition table entries, or blocks of otherwise unusual memory that warrant deeper investigation. Also consider comparing components, including hashes of component firmware and behavior, against known good images.",
            "x_mitre_version": "1.0",
            "x_mitre_modified_by_ref": "identity--c78cb6e5-0c4b-4611-8297-d1b8b55e40b5",
            "x_mitre_defense_bypassed": [
                "File monitoring",
                "Host intrusion prevention systems",
                "Anti-virus"
            ],
            "x_mitre_permissions_required": [
                "SYSTEM"
            ],
            "x_mitre_system_requirements": [
                "Ability to update component device firmware from the host operating system."
            ],
            "x_mitre_is_subtechnique": false
        }
    ]
}