{
    "type": "bundle",
    "id": "bundle--d038f44c-3283-45c3-be0e-5ca0bedc7de0",
    "spec_version": "2.0",
    "objects": [
        {
            "x_mitre_platforms": [
                "Linux",
                "macOS",
                "Windows"
            ],
            "x_mitre_domains": [
                "enterprise-attack"
            ],
            "object_marking_refs": [
                "marking-definition--fa42a846-8d90-4e51-bc29-71d5b4802168"
            ],
            "id": "attack-pattern--143c0cbb-a297-4142-9624-87ffc778980b",
            "type": "attack-pattern",
            "created": "2020-02-20T21:09:55.995Z",
            "created_by_ref": "identity--c78cb6e5-0c4b-4611-8297-d1b8b55e40b5",
            "external_references": [
                {
                    "source_name": "mitre-attack",
                    "external_id": "T1560.003",
                    "url": "https://attack.mitre.org/techniques/T1560/003"
                },
                {
                    "url": "http://www.welivesecurity.com/wp-content/uploads/2016/10/eset-sednit-part-2.pdf",
                    "description": "ESET. (2016, October). En Route with Sednit - Part 2: Observing the Comings and Goings. Retrieved November 21, 2016.",
                    "source_name": "ESET Sednit Part 2"
                }
            ],
            "modified": "2020-03-25T22:48:14.605Z",
            "name": "Archive via Custom Method",
            "description": "An adversary may compress or encrypt data that is collected prior to exfiltration using a custom method. Adversaries may choose to use custom archival methods, such as encryption with XOR or stream ciphers implemented with no external library or utility references. Custom implementations of well-known compression algorithms have also been used.(Citation: ESET Sednit Part 2)",
            "kill_chain_phases": [
                {
                    "kill_chain_name": "mitre-attack",
                    "phase_name": "collection"
                }
            ],
            "x_mitre_detection": "Custom archival methods can be very difficult to detect, since many of them use standard programming language concepts, such as bitwise operations.",
            "x_mitre_is_subtechnique": true,
            "x_mitre_version": "1.0",
            "x_mitre_modified_by_ref": "identity--c78cb6e5-0c4b-4611-8297-d1b8b55e40b5",
            "x_mitre_data_sources": [
                "File: File Creation",
                "Script: Script Execution"
            ]
        }
    ]
}