{
    "type": "bundle",
    "id": "bundle--f30f295f-b1d8-48e3-893f-4a037558350d",
    "spec_version": "2.0",
    "objects": [
        {
            "modified": "2024-10-14T21:26:37.856Z",
            "name": "Ccache Files",
            "description": "\nAdversaries may attempt to steal Kerberos tickets stored in credential cache files (or ccache). These files are used for short term storage of a user's active session credentials. The ccache file is created upon user authentication and allows for access to multiple services without the user having to re-enter credentials. \n\nThe <code>/etc/krb5.conf</code> configuration file and the <code>KRB5CCNAME</code> environment variable are used to set the storage location for ccache entries. On Linux, credentials are typically stored in the `/tmp` directory with a naming format of `krb5cc_%UID%` or `krb5.ccache`. On macOS, ccache entries are stored by default in memory with an `API:{uuid}` naming scheme. Typically, users interact with ticket storage using <code>kinit</code>, which obtains a Ticket-Granting-Ticket (TGT) for the principal; <code>klist</code>, which lists obtained tickets currently held in the credentials cache; and other built-in binaries.(Citation: Kerberos GNU/Linux)(Citation: Binary Defense Kerberos Linux)\n\nAdversaries can collect tickets from ccache files stored on disk and authenticate as the current user without their password to perform [Pass the Ticket](https://attack.mitre.org/techniques/T1550/003) attacks. Adversaries can also use these tickets to impersonate legitimate users with elevated privileges to perform [Privilege Escalation](https://attack.mitre.org/tactics/TA0004). Tools like Kekeo can also be used by adversaries to convert ccache files to Windows format for further [Lateral Movement](https://attack.mitre.org/tactics/TA0008). On macOS, adversaries may use open-source tools or the Kerberos framework to interact with ccache files and extract TGTs or Service Tickets via lower-level APIs.(Citation: SpectorOps Bifrost Kerberos macOS 2019)(Citation: Linux Kerberos Tickets)(Citation: Brining MimiKatz to Unix)(Citation: Kekeo) ",
            "kill_chain_phases": [
                {
                    "kill_chain_name": "mitre-attack",
                    "phase_name": "credential-access"
                }
            ],
            "x_mitre_deprecated": false,
            "x_mitre_detection": "",
            "x_mitre_domains": [
                "enterprise-attack"
            ],
            "x_mitre_is_subtechnique": true,
            "x_mitre_platforms": [
                "Linux",
                "macOS"
            ],
            "x_mitre_version": "1.0",
            "x_mitre_data_sources": [
                "File: File Access"
            ],
            "type": "attack-pattern",
            "id": "attack-pattern--394220d9-8efc-4252-9040-664f7b115be6",
            "created": "2024-09-17T15:02:31.324Z",
            "created_by_ref": "identity--c78cb6e5-0c4b-4611-8297-d1b8b55e40b5",
            "revoked": false,
            "external_references": [
                {
                    "source_name": "mitre-attack",
                    "url": "https://attack.mitre.org/techniques/T1558/005",
                    "external_id": "T1558.005"
                },
                {
                    "source_name": "Binary Defense Kerberos Linux",
                    "description": " ARC Labs, Dwyer, John. Gonzalez, Eric. Hudak, Tyler. (2024, October 1). Shining a Light in the Dark \u2013 How Binary Defense Uncovered an APT Lurking in Shadows of IT. Retrieved October 7, 2024.",
                    "url": "https://www.binarydefense.com/resources/blog/shining-a-light-in-the-dark-how-binary-defense-uncovered-an-apt-lurking-in-shadows-of-it/"
                },
                {
                    "source_name": "Kerberos GNU/Linux",
                    "description": "Adepts of 0xCC. (2021, January 28). The Kerberos Credential Thievery Compendium (GNU/Linux). Retrieved September 17, 2024.",
                    "url": "https://adepts.of0x.cc/kerberos-thievery-linux/"
                },
                {
                    "source_name": "Kekeo",
                    "description": "Benjamin Delpy. (n.d.). Kekeo. Retrieved October 4, 2021.",
                    "url": "https://github.com/gentilkiwi/kekeo"
                },
                {
                    "source_name": "SpectorOps Bifrost Kerberos macOS 2019",
                    "description": "Cody Thomas. (2019, November 14). When Kirbi walks the Bifrost. Retrieved October 6, 2021.",
                    "url": "https://posts.specterops.io/when-kirbi-walks-the-bifrost-4c727807744f"
                },
                {
                    "source_name": "Brining MimiKatz to Unix",
                    "description": "Tim Wadhwa-Brown. (2018, November). Where 2 worlds collide Bringing Mimikatz et al to UNIX. Retrieved October 13, 2021.",
                    "url": "https://labs.portcullis.co.uk/download/eu-18-Wadhwa-Brown-Where-2-worlds-collide-Bringing-Mimikatz-et-al-to-UNIX.pdf"
                },
                {
                    "source_name": "Linux Kerberos Tickets",
                    "description": "Trevor Haskell. (2020, April 1). Kerberos Tickets on Linux Red Teams. Retrieved October 4, 2021.",
                    "url": "https://www.fireeye.com/blog/threat-research/2020/04/kerberos-tickets-on-linux-red-teams.html"
                }
            ],
            "object_marking_refs": [
                "marking-definition--fa42a846-8d90-4e51-bc29-71d5b4802168"
            ],
            "x_mitre_attack_spec_version": "3.2.0",
            "x_mitre_modified_by_ref": "identity--c78cb6e5-0c4b-4611-8297-d1b8b55e40b5"
        }
    ]
}