{
    "type": "bundle",
    "id": "bundle--6244ee7c-d6b5-424b-8925-7a8e86da2e39",
    "spec_version": "2.0",
    "objects": [
        {
            "x_mitre_platforms": [
                "Linux",
                "macOS",
                "Windows"
            ],
            "x_mitre_domains": [
                "enterprise-attack"
            ],
            "object_marking_refs": [
                "marking-definition--fa42a846-8d90-4e51-bc29-71d5b4802168"
            ],
            "id": "attack-pattern--613d08bc-e8f4-4791-80b0-c8b974340dfd",
            "type": "attack-pattern",
            "created": "2020-03-09T17:07:57.392Z",
            "created_by_ref": "identity--c78cb6e5-0c4b-4611-8297-d1b8b55e40b5",
            "external_references": [
                {
                    "source_name": "mitre-attack",
                    "external_id": "T1011.001",
                    "url": "https://attack.mitre.org/techniques/T1011/001"
                }
            ],
            "modified": "2022-03-08T21:02:15.802Z",
            "name": "Exfiltration Over Bluetooth",
            "description": "Adversaries may attempt to exfiltrate data over Bluetooth rather than the command and control channel. If the command and control network is a wired Internet connection, an adversary may opt to exfiltrate data using a Bluetooth communication channel.\n\nAdversaries may choose to do this if they have sufficient access and proximity. Bluetooth connections might not be secured or defended as well as the primary Internet-connected channel because it is not routed through the same enterprise network.",
            "kill_chain_phases": [
                {
                    "kill_chain_name": "mitre-attack",
                    "phase_name": "exfiltration"
                }
            ],
            "x_mitre_detection": "Monitor for processes utilizing the network that do not normally have network communication or have never been seen before. Processes that normally require user-driven events to access the network (for example, a web browser opening with a mouse click or key press) but access the network without such may be malicious.\n\nMonitor for and investigate changes to host adapter settings, such as addition and/or replication of communication interfaces.",
            "x_mitre_is_subtechnique": true,
            "x_mitre_version": "1.1",
            "x_mitre_modified_by_ref": "identity--c78cb6e5-0c4b-4611-8297-d1b8b55e40b5",
            "x_mitre_data_sources": [
                "Network Traffic: Network Traffic Flow",
                "Command: Command Execution",
                "File: File Access",
                "Network Traffic: Network Traffic Content",
                "Network Traffic: Network Connection Creation"
            ]
        }
    ]
}