{
    "type": "bundle",
    "id": "bundle--bc910153-04aa-4b8a-a436-b87a418c92e3",
    "spec_version": "2.0",
    "objects": [
        {
            "x_mitre_platforms": [
                "macOS",
                "Linux"
            ],
            "x_mitre_domains": [
                "enterprise-attack"
            ],
            "object_marking_refs": [
                "marking-definition--fa42a846-8d90-4e51-bc29-71d5b4802168"
            ],
            "id": "attack-pattern--63220765-d418-44de-8fae-694b3912317d",
            "type": "attack-pattern",
            "created": "2020-01-24T14:17:43.906Z",
            "created_by_ref": "identity--c78cb6e5-0c4b-4611-8297-d1b8b55e40b5",
            "external_references": [
                {
                    "source_name": "mitre-attack",
                    "external_id": "T1546.005",
                    "url": "https://attack.mitre.org/techniques/T1546/005"
                },
                {
                    "source_name": "Trap Manual",
                    "url": "https://ss64.com/bash/trap.html",
                    "description": "ss64. (n.d.). trap. Retrieved May 21, 2019."
                },
                {
                    "source_name": "Cyberciti Trap Statements",
                    "url": "https://bash.cyberciti.biz/guide/Trap_statement",
                    "description": "Cyberciti. (2016, March 29). Trap statement. Retrieved May 21, 2019."
                }
            ],
            "modified": "2020-03-24T16:43:02.273Z",
            "name": "Trap",
            "description": "Adversaries may establish persistence by executing malicious content triggered by an interrupt signal. The <code>trap</code> command allows programs and shells to specify commands that will be executed upon receiving interrupt signals. A common situation is a script allowing for graceful termination and handling of common keyboard interrupts like <code>ctrl+c</code> and <code>ctrl+d</code>.\n\nAdversaries can use this to register code to be executed when the shell encounters specific interrupts as a persistence mechanism. Trap commands are of the following format <code>trap 'command list' signals</code> where \"command list\" will be executed when \"signals\" are received.(Citation: Trap Manual)(Citation: Cyberciti Trap Statements)",
            "kill_chain_phases": [
                {
                    "kill_chain_name": "mitre-attack",
                    "phase_name": "privilege-escalation"
                },
                {
                    "kill_chain_name": "mitre-attack",
                    "phase_name": "persistence"
                }
            ],
            "x_mitre_detection": "Trap commands must be registered for the shell or programs, so they appear in files. Monitoring files for suspicious or overly broad trap commands can narrow down suspicious behavior during an investigation. Monitor for suspicious processes executed through trap interrupts.",
            "x_mitre_is_subtechnique": true,
            "x_mitre_version": "1.0",
            "x_mitre_modified_by_ref": "identity--c78cb6e5-0c4b-4611-8297-d1b8b55e40b5",
            "x_mitre_data_sources": [
                "File: File Creation",
                "Process: Process Creation",
                "Command: Command Execution",
                "File: File Modification"
            ],
            "x_mitre_permissions_required": [
                "User",
                "Administrator"
            ]
        }
    ]
}