{
    "type": "bundle",
    "id": "bundle--272eca1e-e272-475d-b06b-d3865ac0a432",
    "spec_version": "2.0",
    "objects": [
        {
            "x_mitre_platforms": [
                "Linux",
                "macOS",
                "Windows"
            ],
            "x_mitre_domains": [
                "enterprise-attack"
            ],
            "object_marking_refs": [
                "marking-definition--fa42a846-8d90-4e51-bc29-71d5b4802168"
            ],
            "id": "attack-pattern--2e0dd10b-676d-4964-acd0-8a404c92b044",
            "type": "attack-pattern",
            "created": "2017-05-31T21:31:07.958Z",
            "created_by_ref": "identity--c78cb6e5-0c4b-4611-8297-d1b8b55e40b5",
            "revoked": true,
            "external_references": [
                {
                    "source_name": "mitre-attack",
                    "url": "https://attack.mitre.org/techniques/T1089",
                    "external_id": "T1089"
                },
                {
                    "external_id": "CAPEC-578",
                    "source_name": "capec",
                    "url": "https://capec.mitre.org/data/definitions/578.html"
                }
            ],
            "modified": "2020-02-21T20:35:48.979Z",
            "name": "Disabling Security Tools",
            "description": "Adversaries may disable security tools to avoid possible detection of their tools and activities. This can take the form of killing security software or event logging processes, deleting Registry keys so that tools do not start at run time, or other methods to interfere with security scanning or event reporting.",
            "kill_chain_phases": [
                {
                    "kill_chain_name": "mitre-attack",
                    "phase_name": "defense-evasion"
                }
            ],
            "x_mitre_detection": "Monitor processes and command-line arguments to see if security tools are killed or stop running. Monitor Registry edits for modifications to services and startup programs that correspond to security tools. Lack of log or event file reporting may be suspicious.",
            "x_mitre_version": "1.0",
            "x_mitre_modified_by_ref": "identity--c78cb6e5-0c4b-4611-8297-d1b8b55e40b5",
            "x_mitre_defense_bypassed": [
                "File monitoring",
                "Host intrusion prevention systems",
                "Signature-based detection",
                "Log analysis",
                "Anti-virus"
            ],
            "x_mitre_is_subtechnique": false
        }
    ]
}