{
    "type": "bundle",
    "id": "bundle--bf7cc135-7a09-4f24-88c5-d02a1ec022e9",
    "spec_version": "2.0",
    "objects": [
        {
            "modified": "2024-03-01T15:35:38.299Z",
            "name": "Remote Services",
            "description": "Adversaries may use [Valid Accounts](https://attack.mitre.org/techniques/T1078) to log into a service that accepts remote connections, such as telnet, SSH, and VNC. The adversary may then perform actions as the logged-on user.\n\nIn an enterprise environment, servers and workstations can be organized into domains. Domains provide centralized identity management, allowing users to login using one set of credentials across the entire network. If an adversary is able to obtain a set of valid domain credentials, they could login to many different machines using remote access protocols such as secure shell (SSH) or remote desktop protocol (RDP).(Citation: SSH Secure Shell)(Citation: TechNet Remote Desktop Services) They could also login to accessible SaaS or IaaS services, such as those that federate their identities to the domain. \n\nLegitimate applications (such as [Software Deployment Tools](https://attack.mitre.org/techniques/T1072) and other administrative programs) may utilize [Remote Services](https://attack.mitre.org/techniques/T1021) to access remote hosts. For example, Apple Remote Desktop (ARD) on macOS is native software used for remote management. ARD leverages a blend of protocols, including [VNC](https://attack.mitre.org/techniques/T1021/005) to send the screen and control buffers and [SSH](https://attack.mitre.org/techniques/T1021/004) for secure file transfer.(Citation: Remote Management MDM macOS)(Citation: Kickstart Apple Remote Desktop commands)(Citation: Apple Remote Desktop Admin Guide 3.3) Adversaries can abuse applications such as ARD to gain remote code execution and perform lateral movement. In versions of macOS prior to 10.14, an adversary can escalate an SSH session to an ARD session which enables an adversary to accept TCC (Transparency, Consent, and Control) prompts without user interaction and gain access to data.(Citation: FireEye 2019 Apple Remote Desktop)(Citation: Lockboxx ARD 2019)(Citation: Kickstart Apple Remote Desktop commands)",
            "kill_chain_phases": [
                {
                    "kill_chain_name": "mitre-attack",
                    "phase_name": "lateral-movement"
                }
            ],
            "x_mitre_contributors": [
                "Dan Borges, @1njection"
            ],
            "x_mitre_deprecated": false,
            "x_mitre_detection": "Correlate use of login activity related to remote services with unusual behavior or other malicious or suspicious activity. Adversaries will likely need to learn about an environment and the relationships between systems through Discovery techniques prior to attempting Lateral Movement. \n\nUse of applications such as ARD may be legitimate depending on the environment and how it\u2019s used. Other factors, such as access patterns and activity that occurs after a remote login, may indicate suspicious or malicious behavior using these applications. Monitor for user accounts logged into systems they would not normally access or access patterns to multiple systems over a relatively short period of time. \n\nIn macOS, you can review logs for \"screensharingd\" and \"Authentication\" event messages. Monitor network connections regarding remote management (ports tcp:3283 and tcp:5900) and for remote login (port tcp:22).(Citation: Lockboxx ARD 2019)(Citation: Apple Unified Log Analysis Remote Login and Screen Sharing)",
            "x_mitre_domains": [
                "enterprise-attack"
            ],
            "x_mitre_is_subtechnique": false,
            "x_mitre_platforms": [
                "Linux",
                "macOS",
                "Windows",
                "IaaS"
            ],
            "x_mitre_version": "1.5",
            "x_mitre_data_sources": [
                "Module: Module Load",
                "Network Traffic: Network Connection Creation",
                "Command: Command Execution",
                "Network Share: Network Share Access",
                "WMI: WMI Creation",
                "Logon Session: Logon Session Creation",
                "Network Traffic: Network Traffic Flow",
                "Process: Process Creation"
            ],
            "x_mitre_system_requirements": [
                "Active remote service accepting connections and valid credentials"
            ],
            "type": "attack-pattern",
            "id": "attack-pattern--54a649ff-439a-41a4-9856-8d144a2551ba",
            "created": "2017-05-31T21:30:29.858Z",
            "created_by_ref": "identity--c78cb6e5-0c4b-4611-8297-d1b8b55e40b5",
            "revoked": false,
            "external_references": [
                {
                    "source_name": "mitre-attack",
                    "url": "https://attack.mitre.org/techniques/T1021",
                    "external_id": "T1021"
                },
                {
                    "source_name": "Apple Remote Desktop Admin Guide 3.3",
                    "description": "Apple. (n.d.). Apple Remote Desktop Administrator Guide Version 3.3. Retrieved October 5, 2021.",
                    "url": "https://images.apple.com/remotedesktop/pdf/ARD_Admin_Guide_v3.3.pdf"
                },
                {
                    "source_name": "Remote Management MDM macOS",
                    "description": "Apple. (n.d.). Use MDM to enable Remote Management in macOS. Retrieved September 23, 2021.",
                    "url": "https://support.apple.com/en-us/HT209161"
                },
                {
                    "source_name": "Kickstart Apple Remote Desktop commands",
                    "description": "Apple. (n.d.). Use the kickstart command-line utility in Apple Remote Desktop. Retrieved September 23, 2021.",
                    "url": "https://support.apple.com/en-us/HT201710"
                },
                {
                    "source_name": "Lockboxx ARD 2019",
                    "description": "Dan Borges. (2019, July 21). MacOS Red Teaming 206: ARD (Apple Remote Desktop Protocol). Retrieved September 10, 2021.",
                    "url": "http://lockboxx.blogspot.com/2019/07/macos-red-teaming-206-ard-apple-remote.html"
                },
                {
                    "source_name": "FireEye 2019 Apple Remote Desktop",
                    "description": "Jake Nicastro, Willi Ballenthin. (2019, October 9). Living off the Orchard: Leveraging Apple Remote Desktop for Good and Evil. Retrieved August 16, 2021.",
                    "url": "https://www.fireeye.com/blog/threat-research/2019/10/leveraging-apple-remote-desktop-for-good-and-evil.html"
                },
                {
                    "source_name": "TechNet Remote Desktop Services",
                    "description": "Microsoft. (n.d.). Remote Desktop Services. Retrieved June 1, 2016.",
                    "url": "https://technet.microsoft.com/en-us/windowsserver/ee236407.aspx"
                },
                {
                    "source_name": "Apple Unified Log Analysis Remote Login and Screen Sharing",
                    "description": "Sarah Edwards. (2020, April 30). Analysis of Apple Unified Logs: Quarantine Edition [Entry 6] \u2013 Working From Home? Remote Logins. Retrieved August 19, 2021.",
                    "url": "https://sarah-edwards-xzkc.squarespace.com/blog/2020/4/30/analysis-of-apple-unified-logs-quarantine-edition-entry-6-working-from-home-remote-logins"
                },
                {
                    "source_name": "SSH Secure Shell",
                    "description": "SSH.COM. (n.d.). SSH (Secure Shell). Retrieved March 23, 2020.",
                    "url": "https://www.ssh.com/ssh"
                }
            ],
            "object_marking_refs": [
                "marking-definition--fa42a846-8d90-4e51-bc29-71d5b4802168"
            ],
            "x_mitre_attack_spec_version": "3.2.0",
            "x_mitre_modified_by_ref": "identity--c78cb6e5-0c4b-4611-8297-d1b8b55e40b5"
        }
    ]
}