{
    "type": "bundle",
    "id": "bundle--7ca3af26-8c0b-4335-a9a2-9fb2083f139b",
    "spec_version": "2.0",
    "objects": [
        {
            "modified": "2024-10-15T16:22:56.372Z",
            "name": "Application Window Discovery",
            "description": "Adversaries may attempt to get a listing of open application windows. Window listings could convey information about how the system is used.(Citation: Prevailion DarkWatchman 2021) For example, information about application windows could be used identify potential data to collect as well as identifying security tooling ([Security Software Discovery](https://attack.mitre.org/techniques/T1518/001)) to evade.(Citation: ESET Grandoreiro April 2020)\n\nAdversaries typically abuse system features for this type of enumeration. For example, they may gather information through native system features such as [Command and Scripting Interpreter](https://attack.mitre.org/techniques/T1059) commands and [Native API](https://attack.mitre.org/techniques/T1106) functions.",
            "kill_chain_phases": [
                {
                    "kill_chain_name": "mitre-attack",
                    "phase_name": "discovery"
                }
            ],
            "x_mitre_deprecated": false,
            "x_mitre_detection": "System and network discovery techniques normally occur throughout an operation as an adversary learns the environment. Data and events should not be viewed in isolation, but as part of a chain of behavior that could lead to other activities based on the information obtained.\n\nMonitor processes and command-line arguments for actions that could be taken to gather system and network information. Remote access tools with built-in features may interact directly with the Windows API to gather information. Information may also be acquired through Windows system management tools such as [Windows Management Instrumentation](https://attack.mitre.org/techniques/T1047) and [PowerShell](https://attack.mitre.org/techniques/T1059/001).",
            "x_mitre_domains": [
                "enterprise-attack"
            ],
            "x_mitre_is_subtechnique": false,
            "x_mitre_platforms": [
                "macOS",
                "Windows",
                "Linux"
            ],
            "x_mitre_version": "1.3",
            "x_mitre_data_sources": [
                "Process: Process Creation",
                "Command: Command Execution",
                "Process: OS API Execution"
            ],
            "type": "attack-pattern",
            "id": "attack-pattern--4ae4f953-fe58-4cc8-a327-33257e30a830",
            "created": "2017-05-31T21:30:24.512Z",
            "created_by_ref": "identity--c78cb6e5-0c4b-4611-8297-d1b8b55e40b5",
            "revoked": false,
            "external_references": [
                {
                    "source_name": "mitre-attack",
                    "url": "https://attack.mitre.org/techniques/T1010",
                    "external_id": "T1010"
                },
                {
                    "source_name": "ESET Grandoreiro April 2020",
                    "description": "ESET. (2020, April 28). Grandoreiro: How engorged can an EXE get?. Retrieved November 13, 2020.",
                    "url": "https://www.welivesecurity.com/2020/04/28/grandoreiro-how-engorged-can-exe-get/"
                },
                {
                    "source_name": "Prevailion DarkWatchman 2021",
                    "description": "Smith, S., Stafford, M. (2021, December 14). DarkWatchman: A new evolution in fileless techniques. Retrieved January 10, 2022.",
                    "url": "https://web.archive.org/web/20220629230035/https://www.prevailion.com/darkwatchman-new-fileless-techniques/"
                }
            ],
            "object_marking_refs": [
                "marking-definition--fa42a846-8d90-4e51-bc29-71d5b4802168"
            ],
            "x_mitre_attack_spec_version": "3.2.0",
            "x_mitre_modified_by_ref": "identity--c78cb6e5-0c4b-4611-8297-d1b8b55e40b5"
        }
    ]
}