{
    "type": "bundle",
    "id": "bundle--47c6c1e0-ea5b-45fb-a44f-fc1731defed1",
    "spec_version": "2.0",
    "objects": [
        {
            "x_mitre_platforms": [
                "Windows"
            ],
            "x_mitre_domains": [
                "enterprise-attack"
            ],
            "x_mitre_contributors": [
                "Casey Smith"
            ],
            "object_marking_refs": [
                "marking-definition--fa42a846-8d90-4e51-bc29-71d5b4802168"
            ],
            "id": "attack-pattern--215190a9-9f02-4e83-bb5f-e0589965a302",
            "type": "attack-pattern",
            "created": "2017-05-31T21:31:33.499Z",
            "created_by_ref": "identity--c78cb6e5-0c4b-4611-8297-d1b8b55e40b5",
            "revoked": true,
            "external_references": [
                {
                    "source_name": "mitre-attack",
                    "external_id": "T1121",
                    "url": "https://attack.mitre.org/techniques/T1121"
                },
                {
                    "url": "https://msdn.microsoft.com/en-us/library/04za0hca.aspx",
                    "description": "Microsoft. (n.d.). Regsvcs.exe (.NET Services Installation Tool). Retrieved July 1, 2016.",
                    "source_name": "MSDN Regsvcs"
                },
                {
                    "source_name": "MSDN Regasm",
                    "description": "Microsoft. (n.d.). Regasm.exe (Assembly Registration Tool). Retrieved July 1, 2016.",
                    "url": "https://msdn.microsoft.com/en-us/library/tzat5yw6.aspx"
                },
                {
                    "source_name": "LOLBAS Regsvcs",
                    "url": "https://lolbas-project.github.io/lolbas/Binaries/Regsvcs/",
                    "description": "LOLBAS. (n.d.). Regsvcs.exe. Retrieved July 31, 2019."
                },
                {
                    "description": "LOLBAS. (n.d.). Regasm.exe. Retrieved July 31, 2019.",
                    "url": "https://lolbas-project.github.io/lolbas/Binaries/Regasm/",
                    "source_name": "LOLBAS Regasm"
                }
            ],
            "modified": "2020-01-31T19:00:30.734Z",
            "name": "Regsvcs/Regasm",
            "description": "Regsvcs and Regasm are Windows command-line utilities that are used to register .NET Component Object Model (COM) assemblies. Both are digitally signed by Microsoft. (Citation: MSDN Regsvcs) (Citation: MSDN Regasm)\n\nAdversaries can use Regsvcs and Regasm to proxy execution of code through a trusted Windows utility. Both utilities may be used to bypass process whitelisting through use of attributes within the binary to specify code that should be run before registration or unregistration: <code>[ComRegisterFunction]</code> or <code>[ComUnregisterFunction]</code> respectively. The code with the registration and unregistration attributes will be executed even if the process is run under insufficient privileges and fails to execute. (Citation: LOLBAS Regsvcs)(Citation: LOLBAS Regasm)",
            "kill_chain_phases": [
                {
                    "phase_name": "defense-evasion",
                    "kill_chain_name": "mitre-attack"
                },
                {
                    "phase_name": "execution",
                    "kill_chain_name": "mitre-attack"
                }
            ],
            "x_mitre_detection": "Use process monitoring to monitor the execution and arguments of Regsvcs.exe and Regasm.exe. Compare recent invocations of Regsvcs.exe and Regasm.exe with prior history of known good arguments and executed binaries to determine anomalous and potentially adversarial activity. Command arguments used before and after Regsvcs.exe or Regasm.exe invocation may also be useful in determining the origin and purpose of the binary being executed.",
            "x_mitre_version": "1.2",
            "x_mitre_modified_by_ref": "identity--c78cb6e5-0c4b-4611-8297-d1b8b55e40b5",
            "x_mitre_defense_bypassed": [
                "Process whitelisting",
                "Digital Certificate Validation"
            ],
            "x_mitre_permissions_required": [
                "User",
                "Administrator"
            ],
            "x_mitre_is_subtechnique": false
        }
    ]
}