{
    "type": "bundle",
    "id": "bundle--e12e7b44-e699-4e70-9083-4fb6e86a04e4",
    "spec_version": "2.0",
    "objects": [
        {
            "modified": "2024-10-15T15:37:09.190Z",
            "name": "Add-ins",
            "description": "Adversaries may abuse Microsoft Office add-ins to obtain persistence on a compromised system. Office add-ins can be used to add functionality to Office programs. (Citation: Microsoft Office Add-ins) There are different types of add-ins that can be used by the various Office products; including Word/Excel add-in Libraries (WLL/XLL), VBA add-ins, Office Component Object Model (COM) add-ins, automation add-ins, VBA Editor (VBE), Visual Studio Tools for Office (VSTO) add-ins, and Outlook add-ins. (Citation: MRWLabs Office Persistence Add-ins)(Citation: FireEye Mail CDS 2018)\n\nAdd-ins can be used to obtain persistence because they can be set to execute code when an Office application starts. ",
            "kill_chain_phases": [
                {
                    "kill_chain_name": "mitre-attack",
                    "phase_name": "persistence"
                }
            ],
            "x_mitre_deprecated": false,
            "x_mitre_detection": "Monitor and validate the Office trusted locations on the file system and audit the Registry entries relevant for enabling add-ins.(Citation: GlobalDotName Jun 2019)(Citation: MRWLabs Office Persistence Add-ins)\n\nCollect process execution information including process IDs (PID) and parent process IDs (PPID) and look for abnormal chains of activity resulting from Office processes. Non-standard process execution trees may also indicate suspicious or malicious behavior",
            "x_mitre_domains": [
                "enterprise-attack"
            ],
            "x_mitre_is_subtechnique": true,
            "x_mitre_platforms": [
                "Windows",
                "Office Suite"
            ],
            "x_mitre_version": "1.2",
            "x_mitre_data_sources": [
                "Windows Registry: Windows Registry Key Modification",
                "File: File Modification",
                "Command: Command Execution",
                "Windows Registry: Windows Registry Key Creation",
                "Process: Process Creation",
                "File: File Creation"
            ],
            "type": "attack-pattern",
            "id": "attack-pattern--34f1d81d-fe88-4f97-bd3b-a3164536255d",
            "created": "2019-11-07T19:52:52.801Z",
            "created_by_ref": "identity--c78cb6e5-0c4b-4611-8297-d1b8b55e40b5",
            "revoked": false,
            "external_references": [
                {
                    "source_name": "mitre-attack",
                    "url": "https://attack.mitre.org/techniques/T1137/006",
                    "external_id": "T1137.006"
                },
                {
                    "source_name": "FireEye Mail CDS 2018",
                    "description": "Caban, D. and Hirani, M. (2018, October 3). You\u2019ve Got Mail! Enterprise Email Compromise. Retrieved April 22, 2019.",
                    "url": "https://summit.fireeye.com/content/dam/fireeye-www/summit/cds-2018/presentations/cds18-technical-s03-youve-got-mail.pdf"
                },
                {
                    "source_name": "MRWLabs Office Persistence Add-ins",
                    "description": "Knowles, W. (2017, April 21). Add-In Opportunities for Office Persistence. Retrieved July 3, 2017.",
                    "url": "https://labs.mwrinfosecurity.com/blog/add-in-opportunities-for-office-persistence/"
                },
                {
                    "source_name": "Microsoft Office Add-ins",
                    "description": "Microsoft. (n.d.). Add or remove add-ins. Retrieved July 3, 2017.",
                    "url": "https://support.office.com/article/Add-or-remove-add-ins-0af570c4-5cf3-4fa9-9b88-403625a0b460"
                },
                {
                    "source_name": "GlobalDotName Jun 2019",
                    "description": "Shukrun, S. (2019, June 2). Office Templates and GlobalDotName - A Stealthy Office Persistence Technique. Retrieved August 26, 2019.",
                    "url": "https://www.221bluestreet.com/post/office-templates-and-globaldotname-a-stealthy-office-persistence-technique"
                }
            ],
            "object_marking_refs": [
                "marking-definition--fa42a846-8d90-4e51-bc29-71d5b4802168"
            ],
            "x_mitre_attack_spec_version": "3.2.0",
            "x_mitre_modified_by_ref": "identity--c78cb6e5-0c4b-4611-8297-d1b8b55e40b5"
        }
    ]
}