{
    "type": "bundle",
    "id": "bundle--218c32bd-0171-4430-9e51-8545819c472d",
    "spec_version": "2.0",
    "objects": [
        {
            "modified": "2023-04-03T18:55:18.326Z",
            "name": "System Service Discovery",
            "description": "Adversaries may try to gather information about registered local system services. Adversaries may obtain information about services using tools as well as OS utility commands such as <code>sc query</code>, <code>tasklist /svc</code>, <code>systemctl --type=service</code>, and <code>net start</code>.\n\nAdversaries may use the information from [System Service Discovery](https://attack.mitre.org/techniques/T1007) during automated discovery to shape follow-on behaviors, including whether or not the adversary fully infects the target and/or attempts specific actions.",
            "kill_chain_phases": [
                {
                    "kill_chain_name": "mitre-attack",
                    "phase_name": "discovery"
                }
            ],
            "x_mitre_contributors": [
                "Harshal Tupsamudre, Qualys"
            ],
            "x_mitre_deprecated": false,
            "x_mitre_detection": "System and network discovery techniques normally occur throughout an operation as an adversary learns the environment. Data and events should not be viewed in isolation, but as part of a chain of behavior that could lead to other activities, such as Lateral Movement, based on the information obtained.\n\nMonitor processes and command-line arguments for actions that could be taken to gather system information related to services. Remote access tools with built-in features may interact directly with the Windows API to gather information. Information may also be acquired through Windows system management tools such as [Windows Management Instrumentation](https://attack.mitre.org/techniques/T1047) and [PowerShell](https://attack.mitre.org/techniques/T1059/001).",
            "x_mitre_domains": [
                "enterprise-attack"
            ],
            "x_mitre_is_subtechnique": false,
            "x_mitre_platforms": [
                "Windows",
                "macOS",
                "Linux"
            ],
            "x_mitre_version": "1.5",
            "x_mitre_data_sources": [
                "Command: Command Execution",
                "Process: Process Creation",
                "Process: OS API Execution"
            ],
            "type": "attack-pattern",
            "id": "attack-pattern--322bad5a-1c49-4d23-ab79-76d641794afa",
            "created": "2017-05-31T21:30:21.315Z",
            "created_by_ref": "identity--c78cb6e5-0c4b-4611-8297-d1b8b55e40b5",
            "revoked": false,
            "external_references": [
                {
                    "source_name": "mitre-attack",
                    "url": "https://attack.mitre.org/techniques/T1007",
                    "external_id": "T1007"
                }
            ],
            "object_marking_refs": [
                "marking-definition--fa42a846-8d90-4e51-bc29-71d5b4802168"
            ],
            "x_mitre_attack_spec_version": "3.1.0",
            "x_mitre_modified_by_ref": "identity--c78cb6e5-0c4b-4611-8297-d1b8b55e40b5"
        }
    ]
}