{
    "type": "bundle",
    "id": "bundle--248c2118-346a-4eda-ba72-1ba64a79defb",
    "spec_version": "2.0",
    "objects": [
        {
            "modified": "2024-10-15T15:58:49.815Z",
            "name": "Hide Artifacts",
            "description": "Adversaries may attempt to hide artifacts associated with their behaviors to evade detection. Operating systems may have features to hide various artifacts, such as important system files and administrative task execution, to avoid disrupting user work environments and prevent users from changing files or features on the system. Adversaries may abuse these features to hide artifacts such as files, directories, user accounts, or other system activity to evade detection.(Citation: Sofacy Komplex Trojan)(Citation: Cybereason OSX Pirrit)(Citation: MalwareBytes ADS July 2015)\n\nAdversaries may also attempt to hide artifacts associated with malicious behavior by creating computing regions that are isolated from common security instrumentation, such as through the use of virtualization technology.(Citation: Sophos Ragnar May 2020)",
            "kill_chain_phases": [
                {
                    "kill_chain_name": "mitre-attack",
                    "phase_name": "defense-evasion"
                }
            ],
            "x_mitre_deprecated": false,
            "x_mitre_detection": "Monitor files, processes, and command-line arguments for actions indicative of hidden artifacts. Monitor event and authentication logs for records of hidden artifacts being used. Monitor the file system and shell commands for hidden attribute usage.",
            "x_mitre_domains": [
                "enterprise-attack"
            ],
            "x_mitre_is_subtechnique": false,
            "x_mitre_platforms": [
                "Linux",
                "macOS",
                "Windows",
                "Office Suite"
            ],
            "x_mitre_version": "1.3",
            "x_mitre_data_sources": [
                "File: File Metadata",
                "Application Log: Application Log Content",
                "Process: Process Creation",
                "Command: Command Execution",
                "File: File Modification",
                "Firmware: Firmware Modification",
                "Service: Service Creation",
                "Windows Registry: Windows Registry Key Modification",
                "Script: Script Execution",
                "User Account: User Account Creation",
                "Process: OS API Execution",
                "User Account: User Account Metadata",
                "File: File Creation"
            ],
            "type": "attack-pattern",
            "id": "attack-pattern--22905430-4901-4c2a-84f6-98243cb173f8",
            "created": "2020-02-26T17:41:25.933Z",
            "created_by_ref": "identity--c78cb6e5-0c4b-4611-8297-d1b8b55e40b5",
            "revoked": false,
            "external_references": [
                {
                    "source_name": "mitre-attack",
                    "url": "https://attack.mitre.org/techniques/T1564",
                    "external_id": "T1564"
                },
                {
                    "source_name": "Cybereason OSX Pirrit",
                    "description": "Amit Serper. (2016). Cybereason Lab Analysis OSX.Pirrit. Retrieved December 10, 2021.",
                    "url": "https://cdn2.hubspot.net/hubfs/3354902/Content%20PDFs/Cybereason-Lab-Analysis-OSX-Pirrit-4-6-16.pdf"
                },
                {
                    "source_name": "MalwareBytes ADS July 2015",
                    "description": "Arntz, P. (2015, July 22). Introduction to Alternate Data Streams. Retrieved March 21, 2018.",
                    "url": "https://blog.malwarebytes.com/101/2015/07/introduction-to-alternate-data-streams/"
                },
                {
                    "source_name": "Sofacy Komplex Trojan",
                    "description": "Dani Creus, Tyler Halfpop, Robert Falcone. (2016, September 26). Sofacy's 'Komplex' OS X Trojan. Retrieved July 8, 2017.",
                    "url": "https://researchcenter.paloaltonetworks.com/2016/09/unit42-sofacys-komplex-os-x-trojan/"
                },
                {
                    "source_name": "Sophos Ragnar May 2020",
                    "description": "SophosLabs. (2020, May 21). Ragnar Locker ransomware deploys virtual machine to dodge security. Retrieved June 29, 2020.",
                    "url": "https://news.sophos.com/en-us/2020/05/21/ragnar-locker-ransomware-deploys-virtual-machine-to-dodge-security/"
                }
            ],
            "object_marking_refs": [
                "marking-definition--fa42a846-8d90-4e51-bc29-71d5b4802168"
            ],
            "x_mitre_attack_spec_version": "3.2.0",
            "x_mitre_modified_by_ref": "identity--c78cb6e5-0c4b-4611-8297-d1b8b55e40b5"
        }
    ]
}