{
    "type": "bundle",
    "id": "bundle--c839d657-b8ea-46fb-b49f-182988a90457",
    "spec_version": "2.0",
    "objects": [
        {
            "x_mitre_platforms": [
                "IaaS",
                "Containers"
            ],
            "x_mitre_domains": [
                "enterprise-attack"
            ],
            "x_mitre_contributors": [
                "Yossi Weizman, Azure Defender Research Team",
                "Vishwas Manral, McAfee",
                "Praetorian"
            ],
            "object_marking_refs": [
                "marking-definition--fa42a846-8d90-4e51-bc29-71d5b4802168"
            ],
            "id": "attack-pattern--4fd8a28b-4b3a-4cd6-a8cf-85ba5f824a7f",
            "type": "attack-pattern",
            "created": "2019-09-04T12:04:03.552Z",
            "created_by_ref": "identity--c78cb6e5-0c4b-4611-8297-d1b8b55e40b5",
            "external_references": [
                {
                    "source_name": "mitre-attack",
                    "external_id": "T1525",
                    "url": "https://attack.mitre.org/techniques/T1525"
                },
                {
                    "source_name": "Rhino Labs Cloud Image Backdoor Technique Sept 2019",
                    "url": "https://rhinosecuritylabs.com/aws/cloud-container-attack-tool/",
                    "description": "Rhino Labs. (2019, August). Exploiting AWS ECR and ECS with the Cloud Container Attack Tool (CCAT). Retrieved September 12, 2019."
                },
                {
                    "source_name": "Rhino Labs Cloud Backdoor September 2019",
                    "url": "https://github.com/RhinoSecurityLabs/ccat",
                    "description": "Rhino Labs. (2019, September). Cloud Container Attack Tool (CCAT). Retrieved September 12, 2019."
                }
            ],
            "modified": "2022-03-08T21:27:49.094Z",
            "name": "Implant Internal Image",
            "description": "Adversaries may implant cloud or container images with malicious code to establish persistence after gaining access to an environment. Amazon Web Services (AWS) Amazon Machine Images (AMIs), Google Cloud Platform (GCP) Images, and Azure Images as well as popular container runtimes such as Docker can be implanted or backdoored. Unlike [Upload Malware](https://attack.mitre.org/techniques/T1608/001), this technique focuses on adversaries implanting an image in a registry within a victim\u2019s environment. Depending on how the infrastructure is provisioned, this could provide persistent access if the infrastructure provisioning tool is instructed to always use the latest image.(Citation: Rhino Labs Cloud Image Backdoor Technique Sept 2019)\n\nA tool has been developed to facilitate planting backdoors in cloud container images.(Citation: Rhino Labs Cloud Backdoor September 2019) If an adversary has access to a compromised AWS instance, and permissions to list the available container images, they may implant a backdoor such as a [Web Shell](https://attack.mitre.org/techniques/T1505/003).(Citation: Rhino Labs Cloud Image Backdoor Technique Sept 2019)",
            "kill_chain_phases": [
                {
                    "kill_chain_name": "mitre-attack",
                    "phase_name": "persistence"
                }
            ],
            "x_mitre_detection": "Monitor interactions with images and containers by users to identify ones that are added or modified anomalously.\n\nIn containerized environments, changes may be detectable by monitoring the Docker daemon logs or setting up and monitoring Kubernetes audit logs depending on registry configuration. ",
            "x_mitre_version": "2.1",
            "x_mitre_modified_by_ref": "identity--c78cb6e5-0c4b-4611-8297-d1b8b55e40b5",
            "x_mitre_data_sources": [
                "Image: Image Metadata",
                "Image: Image Creation",
                "Image: Image Modification"
            ],
            "x_mitre_permissions_required": [
                "User"
            ],
            "x_mitre_is_subtechnique": false
        }
    ]
}