{
  "dev": {
    "awscloudformation": {
      "AuthRoleName": "amplify-frontend-dev-8002f-authRole",
      "UnauthRoleArn": "arn:aws:iam::590183953473:role/amplify-frontend-dev-8002f-unauthRole",
      "AuthRoleArn": "arn:aws:iam::590183953473:role/amplify-frontend-dev-8002f-authRole",
      "Region": "eu-north-1",
      "DeploymentBucketName": "amplify-frontend-dev-8002f-deployment",
      "UnauthRoleName": "amplify-frontend-dev-8002f-unauthRole",
      "StackName": "amplify-frontend-dev-8002f",
      "StackId": "arn:aws:cloudformation:eu-north-1:590183953473:stack/amplify-frontend-dev-8002f/e90826b0-1229-11f0-89a4-0e4f48762871",
      "AmplifyAppId": "duozr6qb6ufuk"
    }
  }
}