[
    {
      "keywords": ["powershell", "invoke-mimikatz", "encodedcommand"],
      "technique_id": "T1059.001",
      "description": "PowerShell execution"
    },
    {
      "keywords": ["rundll32.exe"],
      "technique_id": "T1218.011",
      "description": "Signed Binary Proxy Execution: Rundll32"
    },
    {
      "keywords": ["brute force", "authentication failure"],
      "technique_id": "T1110",
      "description": "Brute Force"
    },
    {
      "keywords": ["remote desktop", "rdp", "3389"],
      "technique_id": "T1021.001",
      "description": "Remote Services: RDP"
    }
  ]
  